rental_id,rent,bedrooms,bathrooms,size_sqft,min_to_subway,floor,building_age_yrs,no_fee,has_roofdeck,has_washer_dryer,has_doorman,has_elevator,has_dishwasher,has_patio,has_gym,neighborhood,borough
2869,3600,3.0,2,900,4,1.0,15,1,0,0,0,0,0,0,0,Williamsburg,Brooklyn
4318,3900,3.0,2,1000,4,9.0,8,0,0,0,0,1,0,0,0,Greenwood,Brooklyn
6265,2700,2.0,1,900,4,2.0,96,0,0,0,0,0,0,0,0,Gowanus,Brooklyn
24,4900,1.0,1,1216,6,3.0,88,0,0,0,0,0,0,0,0,Brooklyn Heights,Brooklyn
9481,3900,0.0,1,1100,3,4.0,85,1,0,0,0,0,0,0,0,Williamsburg,Brooklyn
849,2750,1.0,1,700,12,3.0,9,1,0,0,0,0,0,0,0,Clinton Hill,Brooklyn
6029,2700,2.0,1,750,7,14.0,96,0,0,0,0,0,0,0,0,Williamsburg,Brooklyn
3686,4905,2.0,2,1114,6,5.0,2,1,0,0,0,0,0,0,0,Williamsburg,Brooklyn
7616,2000,1.0,1,700,4,2.0,85,0,0,0,0,0,0,0,0,Williamsburg,Brooklyn
863,3200,1.0,1,800,5,3.0,27,0,0,0,0,0,0,0,0,Boerum Hill,Brooklyn
8742,2950,2.0,1,1000,4,3.0,85,0,0,0,0,0,0,0,0,Park Slope,Brooklyn
9103,1950,2.0,1,950,5,2.0,75,0,0,0,0,0,0,0,0,Sheepshead Bay,Brooklyn
10632,1799,1.0,1,650,7,3.0,8,0,0,0,0,0,0,0,0,Greenwood,Brooklyn
3887,5317,2.0,2,981,3,5.0,85,1,0,0,0,0,0,0,0,Carroll Gardens,Brooklyn
4544,2300,2.0,1,750,14,1.0,85,0,0,0,0,0,0,0,0,Red Hook,Brooklyn
1026,2400,0.0,1,450,1,30.0,9,0,0,0,0,0,0,0,0,Fort Greene,Brooklyn
2201,3045,1.0,1,589,1,3.0,17,1,0,0,0,0,0,0,0,Brooklyn Heights,Brooklyn
5050,3790,1.0,1,681,2,7.0,90,1,1,1,1,1,0,0,1,Downtown Brooklyn,Brooklyn
10876,2500,0.0,1,525,7,4.0,66,1,0,0,0,0,0,0,0,Crown Heights,Brooklyn
5912,2600,3.0,1,1200,5,3.0,91,1,0,0,0,0,0,0,0,Crown Heights,Brooklyn
6233,3226,1.0,1,976,3,5.0,0,1,0,0,0,0,0,0,0,Prospect Park South,Brooklyn
726,4995,2.0,2,1251,5,4.0,8,0,1,1,0,0,1,0,0,Williamsburg,Brooklyn
5075,6950,3.0,2,1172,3,4.0,85,1,0,0,0,0,0,0,0,Carroll Gardens,Brooklyn
3104,3500,3.0,1,950,5,2.0,115,1,0,0,0,0,0,0,0,Williamsburg,Brooklyn
1387,3080,1.0,1,655,7,5.0,2,0,0,0,0,0,0,0,0,Williamsburg,Brooklyn
8676,6992,2.0,2,1213,2,7.0,0,1,0,0,0,0,0,0,0,Williamsburg,Brooklyn
9776,6000,4.0,2,1800,3,2.0,56,0,0,0,0,0,0,0,0,Williamsburg,Brooklyn
8940,2700,2.0,2,750,11,2.0,96,0,0,0,0,0,0,0,0,Columbia St Waterfront District,Brooklyn
7240,4246,2.0,2,1100,4,6.0,2,1,0,0,0,0,0,0,0,Williamsburg,Brooklyn
1388,2299,3.0,1,1000,8,1.0,106,1,0,0,0,0,0,0,0,Crown Heights,Brooklyn
7568,2400,1.5,1,750,5,2.0,88,0,0,0,0,0,0,0,0,Greenpoint,Brooklyn
7968,2485,1.0,1,703,10,5.0,3,1,0,0,0,0,0,0,0,Clinton Hill,Brooklyn
6408,4000,1.0,2,900,3,1.0,106,1,1,1,1,1,1,0,1,Williamsburg,Brooklyn
7191,2995,4.0,1,2000,5,1.0,4,1,0,0,0,0,0,0,0,Crown Heights,Brooklyn
2291,1500,1.0,1,800,6,3.0,52,0,0,0,0,0,0,0,0,Kensington,Brooklyn
508,4370,2.0,2,933,1,25.0,5,1,0,0,0,0,0,0,0,Downtown Brooklyn,Brooklyn
8094,2400,2.0,1,800,8,2.0,111,1,0,0,0,0,0,0,0,Crown Heights,Brooklyn
5659,3200,1.0,1,701,10,13.0,6,1,0,0,0,0,0,0,0,Clinton Hill,Brooklyn
4123,3500,4.0,2,1500,7,1.0,86,1,0,0,0,0,0,0,0,Bushwick,Brooklyn
5977,1600,1.5,1,800,3,3.0,109,0,0,0,0,0,0,0,0,Bushwick,Brooklyn
10259,1650,1.0,1,686,6,4.0,57,1,0,0,0,0,0,0,0,Brighton Beach,Brooklyn
4857,2600,3.0,1,800,3,1.0,96,0,0,0,0,0,0,0,0,Williamsburg,Brooklyn
10421,2400,1.0,1,875,2,2.0,85,0,0,0,0,0,0,0,0,Gowanus,Brooklyn
4540,1800,1.5,1,1000,2,2.0,85,0,0,0,0,0,0,0,0,Bushwick,Brooklyn
8302,2295,1.5,1,600,4,2.0,86,0,0,0,0,0,0,0,0,Greenpoint,Brooklyn
10395,4700,3.0,2,1300,4,3.0,85,1,1,0,1,1,0,0,1,Williamsburg,Brooklyn
2915,1875,0.0,1,460,7,1.0,116,0,0,0,0,0,0,0,0,Carroll Gardens,Brooklyn
3611,2900,2.0,1,756,3,2.0,9,0,0,0,0,0,0,0,0,Crown Heights,Brooklyn
9558,3600,3.0,1,1000,2,4.0,86,1,0,0,0,0,0,0,0,Prospect Heights,Brooklyn
1997,2450,1.0,1,800,5,3.0,85,1,0,0,0,0,0,0,0,Bushwick,Brooklyn
8915,3200,2.0,1,1000,3,3.0,96,0,0,0,0,0,0,0,0,Park Slope,Brooklyn
1471,3300,1.0,1,974,3,7.0,2,0,0,0,0,0,0,0,0,Williamsburg,Brooklyn
1656,8900,3.0,2,2000,8,3.0,102,0,0,0,0,0,0,0,0,Williamsburg,Brooklyn
2972,2195,0.0,1,550,3,4.0,85,1,0,0,0,0,0,0,0,Boerum Hill,Brooklyn
4182,2900,1.0,1,662,1,4.0,9,0,0,0,0,0,0,0,0,Downtown Brooklyn,Brooklyn
7807,2400,3.0,1,1100,3,4.0,106,1,0,0,0,0,0,0,0,Bedford-Stuyvesant,Brooklyn
7036,2000,2.0,1,850,8,5.0,80,0,0,0,0,0,0,0,0,Bay Ridge,Brooklyn
6236,3100,1.0,1,820,1,10.0,96,1,1,1,1,1,1,0,1,Downtown Brooklyn,Brooklyn
7906,1650,1.0,1,620,1,1.0,90,0,0,0,0,0,0,0,0,Prospect Park South,Brooklyn
780,3090,1.0,1,675,1,16.0,7,1,0,0,0,0,0,0,0,Downtown Brooklyn,Brooklyn
7915,4120,2.0,2,917,7,4.0,2,0,0,0,0,0,0,0,0,Williamsburg,Brooklyn
9384,4079,2.0,2,1154,10,14.0,6,1,1,1,0,1,1,1,1,Clinton Hill,Brooklyn
10586,1984,1.0,1,761,6,55.0,89,1,0,0,0,0,0,0,0,Flatbush,Brooklyn
802,2745,0.0,1,476,1,37.0,7,1,0,0,0,0,0,0,0,Downtown Brooklyn,Brooklyn
10047,1695,1.0,1,700,7,3.0,53,0,0,0,0,0,0,0,0,Kensington,Brooklyn
10653,2850,1.0,1,800,7,3.0,12,0,0,0,0,0,0,0,0,Williamsburg,Brooklyn
10587,2123,1.0,1,720,6,58.0,89,1,0,0,0,0,0,0,0,Flatbush,Brooklyn
1189,2250,1.0,0,700,9,1.0,85,0,0,0,0,0,0,0,0,Greenpoint,Brooklyn
8860,4995,2.0,2,1400,2,6.0,96,1,0,1,1,0,0,0,1,DUMBO,Brooklyn
3194,2600,0.0,1,469,1,39.0,7,1,0,0,0,0,0,0,0,Downtown Brooklyn,Brooklyn
10238,5300,2.0,2,1211,9,6.0,0,1,0,0,0,0,0,0,0,Greenpoint,Brooklyn
11053,3786,2.0,1,958,3,6.0,2,0,0,0,0,0,0,0,0,Williamsburg,Brooklyn
8870,5300,2.0,1,1020,6,3.0,88,0,0,0,0,0,0,0,0,Brooklyn Heights,Brooklyn
5046,2900,3.0,1,1500,1,2.0,85,0,0,0,0,0,0,0,0,Bushwick,Brooklyn
5637,2975,1.0,1,701,10,4.0,6,1,0,0,1,0,0,0,0,Clinton Hill,Brooklyn
7844,1500,1.0,1,600,6,3.0,85,0,0,0,0,0,0,0,0,Flatbush,Brooklyn
7834,4000,1.5,1,828,5,26.0,6,0,0,0,0,0,0,0,0,Williamsburg,Brooklyn
410,2200,0.0,1,400,5,3.0,96,1,0,0,0,0,0,0,0,Williamsburg,Brooklyn
9119,6300,2.0,2,1217,0,6.0,116,0,0,1,1,1,1,0,1,Brooklyn Heights,Brooklyn
4892,2400,0.0,1,450,7,2.0,15,1,0,0,0,0,0,0,0,Williamsburg,Brooklyn
28,2350,1.0,1,550,2,2.0,88,0,0,0,0,0,0,0,0,Park Slope,Brooklyn
10374,5145,2.0,2,1106,1,21.0,17,1,0,0,0,1,0,0,0,Brooklyn Heights,Brooklyn
7360,2900,0.0,1,582,1,4.0,10,0,0,1,1,1,0,0,1,DUMBO,Brooklyn
9782,1400,1.0,0,650,7,11.0,92,0,0,0,0,0,0,0,0,Brownsville,Brooklyn
9831,2900,3.0,2,1335,5,4.0,9,0,0,0,1,1,1,0,0,Gravesend,Brooklyn
7586,1995,1.0,1,1000,2,5.0,83,0,0,0,0,0,0,0,0,Brighton Beach,Brooklyn
8103,2650,2.0,1,800,2,3.0,106,0,0,0,0,0,0,0,0,Boerum Hill,Brooklyn
1442,2300,1.0,1,1000,7,1.0,107,0,0,0,0,0,0,0,0,Crown Heights,Brooklyn
3488,5000,2.0,2,1124,8,5.0,3,1,0,0,0,0,0,0,0,Williamsburg,Brooklyn
1405,5195,2.0,2,1085,6,4.0,8,1,0,1,0,0,0,0,0,Williamsburg,Brooklyn
3525,3600,0.0,1,1088,5,8.0,90,0,1,1,0,1,1,0,1,Downtown Brooklyn,Brooklyn
1069,4850,2.0,1,1006,8,6.0,3,1,0,0,0,0,0,0,0,Williamsburg,Brooklyn
5422,3500,3.0,1,914,5,1.0,85,0,0,1,0,0,0,0,0,Crown Heights,Brooklyn
3845,3800,2.0,2,863,5,6.0,8,1,0,0,0,0,0,0,0,Williamsburg,Brooklyn
2054,2575,0.0,1,503,1,41.0,7,1,0,0,0,0,0,0,0,Downtown Brooklyn,Brooklyn
6427,3000,2.0,1,1400,1,2.0,117,0,0,0,0,0,0,0,0,Boerum Hill,Brooklyn
10257,2200,0.0,1,522,11,4.0,88,0,0,0,0,0,1,0,0,Carroll Gardens,Brooklyn
11207,2428,2.0,1,1092,5,13.0,52,1,0,0,0,0,0,0,0,Coney Island,Brooklyn
9572,1600,0.0,1,550,6,3.0,81,0,0,0,0,0,0,0,0,Prospect Park South,Brooklyn
2050,4488,2.0,2,930,3,4.0,4,1,0,0,0,0,0,0,0,Williamsburg,Brooklyn
9207,4950,2.0,1,1006,8,6.0,3,1,0,0,0,0,0,0,0,Williamsburg,Brooklyn
6256,3495,0.0,1,815,6,4.0,88,1,0,0,0,1,0,0,0,Brooklyn Heights,Brooklyn
8446,1950,0.0,1,431,3,6.0,96,0,0,0,0,0,0,0,0,Park Slope,Brooklyn
9288,3500,1.0,1,751,4,3.0,5,1,0,0,0,1,1,0,0,Williamsburg,Brooklyn
6043,2650,2.0,2,1073,7,4.0,96,1,0,0,0,0,0,0,0,Brighton Beach,Brooklyn
10258,5050,2.0,2,1071,7,7.0,2,0,0,0,0,0,0,0,0,Williamsburg,Brooklyn
11343,2200,2.0,1,1200,3,4.0,103,0,0,0,0,0,0,0,0,Prospect Park South,Brooklyn
7784,2150,2.0,1,900,5,3.0,85,1,0,0,0,0,0,0,0,Bushwick,Brooklyn
9306,15750,3.0,3,3056,4,6.0,96,0,0,0,0,0,0,0,0,DUMBO,Brooklyn
7846,4215,2.0,2,976,1,23.0,7,1,0,0,0,0,0,0,0,Downtown Brooklyn,Brooklyn
10873,2348,1.0,1,760,1,3.0,96,1,0,0,0,0,0,0,0,Williamsburg,Brooklyn
6714,1581,0.0,1,513,5,12.0,52,1,0,0,0,0,0,0,0,Coney Island,Brooklyn
8220,2850,3.0,2,1500,7,2.0,11,1,0,0,0,0,0,0,0,Bedford-Stuyvesant,Brooklyn
4250,3171,1.0,1,711,1,29.0,9,1,0,0,0,0,0,0,0,Fort Greene,Brooklyn
6353,3300,2.0,1,795,2,2.0,9,1,0,0,0,0,0,0,0,Crown Heights,Brooklyn
7296,3225,2.0,1,1200,3,6.0,87,1,0,0,0,0,0,0,0,Windsor Terrace,Brooklyn
10592,3000,2.0,1,700,1,3.0,108,0,0,0,0,0,0,0,0,Park Slope,Brooklyn
6294,1675,1.0,1,805,4,4.0,59,1,0,0,0,0,0,0,0,Gravesend,Brooklyn
3843,2225,0.0,1,536,5,1.0,8,1,0,0,0,0,0,0,0,Williamsburg,Brooklyn
3151,5800,1.0,1,1293,5,10.0,100,0,0,0,0,0,0,0,0,DUMBO,Brooklyn
5286,1550,1.0,1,625,7,9.0,94,1,0,0,0,0,0,0,0,Sheepshead Bay,Brooklyn
8157,5346,2.0,1,842,5,6.0,1,1,0,0,0,0,0,0,0,DUMBO,Brooklyn
2282,3155,1.0,1,677,1,29.0,7,1,0,0,0,0,0,0,0,Downtown Brooklyn,Brooklyn
6037,2400,2.0,1,700,1,1.0,106,1,0,0,0,0,0,0,0,Bedford-Stuyvesant,Brooklyn
8853,2250,1.0,1,611,2,9.0,9,1,0,0,0,0,0,0,0,Bushwick,Brooklyn
8771,2500,0.0,1,634,6,3.0,11,0,0,1,1,1,1,0,0,Downtown Brooklyn,Brooklyn
5642,1500,0.0,0,400,2,1.0,103,0,0,0,0,0,0,0,0,Crown Heights,Brooklyn
6134,11000,4.0,3,3243,2,29.0,89,0,0,0,0,0,0,0,0,Fort Greene,Brooklyn
3551,3800,2.0,1,1312,12,1.0,9,1,0,0,1,1,1,0,0,Clinton Hill,Brooklyn
844,2395,3.0,1,1000,2,3.0,101,1,0,0,0,0,0,0,0,Crown Heights,Brooklyn
6986,2395,3.0,1,950,4,3.0,109,1,0,0,0,0,0,0,0,Bushwick,Brooklyn
3155,3200,3.0,1,1000,2,3.0,85,1,0,0,0,0,0,0,0,Williamsburg,Brooklyn
4807,4550,2.0,1,1200,3,7.0,2,0,0,0,0,0,0,0,0,Williamsburg,Brooklyn
7660,4615,2.0,2,922,1,16.0,5,1,0,0,0,0,0,0,0,Downtown Brooklyn,Brooklyn
591,2850,2.0,1,850,1,3.0,13,1,0,0,0,0,1,0,0,Bedford-Stuyvesant,Brooklyn
4106,2800,4.0,1,1000,6,1.0,110,1,0,0,0,0,0,0,0,Bedford-Stuyvesant,Brooklyn
10918,3000,1.0,1,731,5,6.0,96,1,0,0,0,0,0,0,0,Downtown Brooklyn,Brooklyn
1681,3900,2.0,2,914,3,2.0,2,0,0,0,0,0,0,0,0,Williamsburg,Brooklyn
7506,2814,0.0,1,615,8,5.0,106,1,0,0,0,0,0,0,0,Williamsburg,Brooklyn
1898,5299,2.0,1,1006,8,6.0,3,1,0,0,0,0,0,0,0,Williamsburg,Brooklyn
1361,1550,1.0,1,650,3,2.0,106,1,0,0,0,0,0,0,0,Crown Heights,Brooklyn
6177,2200,1.0,1,475,1,3.0,85,0,0,0,0,0,0,0,0,Cobble Hill,Brooklyn
4284,6875,3.0,2,1200,3,6.0,1,1,0,0,0,0,0,0,0,Williamsburg,Brooklyn
8921,2978,1.0,1,657,2,33.0,3,1,0,0,0,0,0,0,0,Fort Greene,Brooklyn
4485,5550,2.0,2,1132,1,47.0,7,1,0,0,0,0,0,0,0,Downtown Brooklyn,Brooklyn
6860,1400,0.0,1,550,5,5.0,63,1,0,0,0,0,0,0,0,Ocean Parkway,Brooklyn
10511,3875,2.0,2,1100,7,12.0,6,1,1,0,0,1,1,0,1,Downtown Brooklyn,Brooklyn
6958,1650,1.0,1,800,3,3.0,85,0,0,0,0,0,0,0,0,Crown Heights,Brooklyn
10119,4800,2.0,2,1208,6,16.0,11,1,0,1,0,0,0,1,0,Downtown Brooklyn,Brooklyn
5789,1750,1.0,1,500,2,3.0,85,0,0,0,0,0,0,0,0,Prospect Lefferts Gardens,Brooklyn
75,3305,0.0,1,515,3,6.0,16,1,0,0,0,0,0,0,0,DUMBO,Brooklyn
9192,3300,2.0,1,743,12,3.0,9,1,1,0,1,1,1,0,1,Clinton Hill,Brooklyn
5179,4695,2.0,2,862,5,3.0,8,1,1,0,0,0,0,0,0,Williamsburg,Brooklyn
9058,2200,1.0,1,750,5,5.0,86,0,0,0,0,0,0,0,0,Williamsburg,Brooklyn
5091,3070,1.0,1,613,9,10.0,4,1,0,0,0,0,0,0,0,Williamsburg,Brooklyn
5853,3445,1.0,1,617,6,4.0,92,1,0,0,0,0,0,0,0,Cobble Hill,Brooklyn
9687,2250,2.0,1,733,3,4.0,100,0,0,0,0,0,0,0,0,Greenwood,Brooklyn
7347,1775,1.0,1,750,10,4.0,65,0,0,0,0,0,0,0,0,Kensington,Brooklyn
2626,4675,2.0,2,1098,3,2.0,7,1,0,0,0,0,0,0,0,Williamsburg,Brooklyn
2691,3795,2.0,1,770,3,8.0,2,1,0,0,0,0,0,0,0,Downtown Brooklyn,Brooklyn
6003,5000,2.0,2,1124,4,4.0,10,0,1,1,0,1,0,0,0,DUMBO,Brooklyn
8966,4695,2.0,2,1100,7,10.0,5,1,1,0,0,0,0,0,0,Carroll Gardens,Brooklyn
7913,3348,0.0,1,426,5,16.0,1,1,0,0,0,0,0,0,0,DUMBO,Brooklyn
6620,2395,3.0,1,950,4,1.0,109,0,0,0,0,0,0,0,0,Bushwick,Brooklyn
7612,2970,1.0,1,677,1,15.0,7,1,0,0,0,0,0,0,0,Downtown Brooklyn,Brooklyn
2679,2840,0.0,1,505,1,44.0,7,1,0,0,0,0,0,0,0,Downtown Brooklyn,Brooklyn
6768,3000,1.0,1,930,2,2.0,11,0,0,1,0,0,1,0,0,Williamsburg,Brooklyn
3406,3461,1.0,1,725,2,23.0,3,1,0,0,0,0,0,0,0,Fort Greene,Brooklyn
8116,2450,1.0,1,750,1,2.0,96,1,0,0,0,0,0,0,0,Williamsburg,Brooklyn
4298,2599,2.0,1,800,5,1.0,106,0,0,0,0,0,0,0,0,Williamsburg,Brooklyn
62,2100,1.0,1,900,7,1.0,13,0,0,0,0,0,0,0,0,Carroll Gardens,Brooklyn
6732,1950,0.0,1,521,2,2.0,2,0,0,0,0,0,0,0,0,Greenwood,Brooklyn
10788,3900,1.0,1,865,10,6.0,116,0,0,1,0,1,1,0,0,Williamsburg,Brooklyn
10850,2300,2.0,1,1000,7,6.0,55,0,1,0,1,0,1,0,0,Bay Ridge,Brooklyn
2690,2300,1.0,1,750,4,2.0,85,1,0,0,0,0,0,0,0,Williamsburg,Brooklyn
7383,3000,3.0,1,1000,14,1.0,96,0,0,0,0,0,0,0,0,Fort Greene,Brooklyn
6544,2400,2.0,1,700,4,4.0,96,0,0,0,0,0,0,0,0,Williamsburg,Brooklyn
4639,1350,1.0,1,750,7,9.0,92,0,0,0,0,0,0,0,0,Brownsville,Brooklyn
10629,3400,3.0,2,1500,5,1.0,85,1,0,0,0,0,0,0,0,Bushwick,Brooklyn
9672,2150,1.0,1,650,5,2.0,86,0,0,0,0,0,0,0,0,Williamsburg,Brooklyn
470,2575,0.0,1,725,2,4.0,85,0,0,0,0,0,0,0,0,Williamsburg,Brooklyn
5941,2995,1.0,1,765,9,4.0,7,1,0,0,0,0,0,0,0,Williamsburg,Brooklyn
9601,6000,3.0,2,1798,1,13.0,88,0,0,1,0,0,1,0,0,Downtown Brooklyn,Brooklyn
5135,2850,3.0,2,1500,7,2.0,11,1,0,0,0,0,0,0,0,Bedford-Stuyvesant,Brooklyn
9435,1325,0.0,1,300,1,3.0,85,0,0,0,0,0,0,0,0,Sunset Park,Brooklyn
11061,2650,1.0,1,600,7,2.0,117,0,0,0,0,0,0,0,0,Carroll Gardens,Brooklyn
3096,4595,3.0,1,1000,7,2.0,106,1,0,0,0,0,0,0,0,Williamsburg,Brooklyn
9747,2799,1.0,1,700,6,2.0,11,0,0,0,0,0,0,0,0,Greenpoint,Brooklyn
9067,2200,2.0,1,800,3,2.0,115,0,0,0,0,0,0,0,0,Bedford-Stuyvesant,Brooklyn
8078,3800,1.0,1,1000,3,4.0,88,0,0,0,0,0,0,0,0,Williamsburg,Brooklyn
6169,4361,3.0,1,914,3,2.0,2,0,0,0,0,0,0,0,0,Williamsburg,Brooklyn
5034,1900,2.0,1,900,4,1.0,96,1,0,0,0,0,0,0,0,Williamsburg,Brooklyn
7500,3200,1.0,1,796,2,2.0,96,0,0,1,1,1,0,0,1,DUMBO,Brooklyn
1151,3300,2.0,1,1300,3,2.0,85,0,0,0,0,0,0,0,0,Williamsburg,Brooklyn
9801,2650,1.0,1,750,1,2.0,92,1,0,1,0,1,0,0,0,Brooklyn Heights,Brooklyn
189,4299,1.0,1,901,6,10.0,88,0,1,0,1,1,0,0,1,Brooklyn Heights,Brooklyn
2590,2400,3.0,1,900,3,4.0,102,0,0,0,0,0,0,0,0,Ditmas Park,Brooklyn
402,2640,0.0,1,472,6,5.0,2,1,0,0,0,0,0,0,0,Williamsburg,Brooklyn
8119,2300,0.0,1,550,2,4.0,86,0,0,0,0,0,0,0,0,Clinton Hill,Brooklyn
6987,2400,0.0,1,500,6,12.0,7,0,1,1,1,1,1,0,1,Downtown Brooklyn,Brooklyn
3543,2300,0.0,1,550,7,5.0,6,0,0,0,0,0,0,0,0,Downtown Brooklyn,Brooklyn
3656,2950,1.0,1,660,14,4.0,96,1,0,0,0,0,1,0,0,Columbia St Waterfront District,Brooklyn
10845,2300,3.0,1,850,7,1.0,92,0,0,0,0,0,0,0,0,Bay Ridge,Brooklyn
3805,2600,1.0,1,655,5,2.0,5,0,0,0,0,0,0,0,0,Clinton Hill,Brooklyn
1268,3385,3.0,2,1175,4,2.0,9,1,0,0,0,0,0,0,0,Crown Heights,Brooklyn
6298,1800,1.0,1,779,8,4.0,86,1,0,0,0,0,0,0,0,Bay Ridge,Brooklyn
7277,4500,2.0,1,1571,5,6.0,96,0,0,0,0,0,0,0,0,Williamsburg,Brooklyn
3111,4595,2.0,2,1088,7,10.0,5,1,1,0,0,0,0,0,0,Carroll Gardens,Brooklyn
480,2760,1.0,1,405,4,4.0,106,1,0,0,0,0,0,0,0,Williamsburg,Brooklyn
7967,2530,1.0,1,701,10,6.0,3,1,0,0,0,0,0,0,0,Clinton Hill,Brooklyn
8122,2495,3.0,1,900,1,3.0,9,1,0,0,0,0,0,0,0,Bedford-Stuyvesant,Brooklyn
9321,3495,1.0,1,882,5,3.0,6,0,0,0,1,1,1,0,1,Williamsburg,Brooklyn
3520,3850,2.0,2,1127,3,5.0,2,0,0,0,0,0,0,0,0,Williamsburg,Brooklyn
10853,13500,4.0,3,2364,6,5.0,8,0,0,0,0,0,0,0,0,Carroll Gardens,Brooklyn
8284,4500,3.0,2,1000,2,3.0,106,1,0,0,0,0,0,0,0,Williamsburg,Brooklyn
5896,2500,0.0,1,525,7,3.0,66,1,0,0,0,0,0,0,0,Crown Heights,Brooklyn
4972,3500,2.0,1,1000,11,3.0,116,0,0,0,0,0,0,0,0,Williamsburg,Brooklyn
2773,4195,2.0,2,886,8,2.0,3,0,0,0,0,0,0,0,0,Williamsburg,Brooklyn
9208,9400,3.0,2,1274,8,6.0,3,1,0,0,0,0,0,0,0,Williamsburg,Brooklyn
2864,2550,2.0,1,790,2,2.0,9,1,0,1,1,1,0,0,1,Bushwick,Brooklyn
4524,5100,2.0,2,1123,8,5.0,3,1,0,0,0,0,0,0,0,Williamsburg,Brooklyn
3050,3369,1.0,1,717,4,9.0,7,1,0,0,0,0,0,0,0,Williamsburg,Brooklyn
216,2775,2.0,1,675,2,3.0,85,0,0,0,0,0,0,0,0,Williamsburg,Brooklyn
1033,3029,1.0,1,655,7,3.0,2,0,0,0,0,0,0,0,0,Williamsburg,Brooklyn
3715,4800,3.0,2,1500,7,1.0,106,0,0,0,0,0,0,0,0,Brooklyn Heights,Brooklyn
4904,5295,2.0,2,1254,1,19.0,10,0,0,0,0,0,0,1,1,DUMBO,Brooklyn
1945,2395,1.0,1,700,6,2.0,86,0,0,0,0,0,0,0,0,Greenpoint,Brooklyn
9125,2995,1.0,2,1000,4,4.0,3,0,0,0,0,0,0,0,0,Bedford-Stuyvesant,Brooklyn
9802,5250,3.0,2,1300,4,7.0,7,1,1,1,0,0,1,0,0,Clinton Hill,Brooklyn
7117,2975,0.0,1,605,5,23.0,6,0,0,0,0,1,1,0,1,Williamsburg,Brooklyn
11244,4795,3.0,1,1100,2,3.0,106,1,0,0,0,0,0,0,0,Williamsburg,Brooklyn
7349,2450,2.0,1,1000,7,2.0,85,1,0,0,0,0,0,0,0,Bushwick,Brooklyn
10394,4500,3.0,1,1000,4,1.0,85,1,0,0,0,0,0,0,0,Williamsburg,Brooklyn
7196,2650,2.0,1,777,4,1.0,15,0,0,0,0,0,0,0,0,Boerum Hill,Brooklyn
7813,4350,3.0,1,950,2,2.0,106,1,0,0,0,0,0,0,0,Williamsburg,Brooklyn
3372,3100,3.0,1,710,9,2.0,106,1,0,0,0,0,0,0,0,Bedford-Stuyvesant,Brooklyn
3658,3370,1.0,1,677,1,20.0,7,1,0,0,0,0,0,0,0,Downtown Brooklyn,Brooklyn
5078,1832,1.0,1,690,5,11.0,52,1,0,0,0,0,0,0,0,Coney Island,Brooklyn
2030,6500,1.0,1,1000,8,2.0,51,0,0,0,0,0,0,0,0,Williamsburg,Brooklyn
5681,2780,0.0,1,520,5,2.0,11,1,0,0,0,0,0,0,0,Downtown Brooklyn,Brooklyn
6501,3067,2.0,1,775,9,3.0,106,1,0,0,0,0,0,0,0,Greenpoint,Brooklyn
10672,1600,0.0,1,500,6,10.0,54,0,0,0,0,0,0,0,0,Prospect Lefferts Gardens,Brooklyn
8922,2650,0.0,1,516,2,12.0,3,1,0,0,0,0,0,0,0,Fort Greene,Brooklyn
8680,3375,1.0,1,750,1,40.0,3,1,0,0,0,0,0,0,0,Downtown Brooklyn,Brooklyn
1363,2850,1.0,1,825,12,3.0,9,1,0,0,0,0,0,0,0,Clinton Hill,Brooklyn
4886,3994,2.0,1,800,7,3.0,7,1,0,0,0,0,0,0,0,Williamsburg,Brooklyn
7756,3875,2.0,3,1274,5,4.0,11,0,0,0,0,0,0,0,0,Crown Heights,Brooklyn
9205,3600,1.0,1,1100,4,4.0,96,1,0,0,0,0,0,0,0,DUMBO,Brooklyn
2467,3500,2.0,2,1014,4,5.0,9,0,0,0,0,0,0,0,0,Ditmas Park,Brooklyn
865,2615,0.0,1,430,1,24.0,5,1,0,0,0,0,0,0,0,Downtown Brooklyn,Brooklyn
10910,2200,1.0,1,825,3,6.0,54,0,0,0,0,0,0,0,0,Ditmas Park,Brooklyn
3375,3120,1.0,1,677,1,28.0,7,1,0,0,0,0,0,0,0,Downtown Brooklyn,Brooklyn
2914,3299,3.0,1,972,7,3.0,116,0,0,0,0,0,0,0,0,Carroll Gardens,Brooklyn
8109,3000,1.0,1,676,5,12.0,96,1,0,0,0,0,0,0,0,Downtown Brooklyn,Brooklyn
4762,4545,2.0,2,852,3,4.0,7,1,0,0,0,0,0,0,0,Williamsburg,Brooklyn
10825,1400,0.0,1,550,2,4.0,87,0,0,0,0,0,0,0,0,Prospect Park South,Brooklyn
1425,3300,2.0,1,626,3,5.0,2,0,0,0,0,0,0,0,0,Williamsburg,Brooklyn
5807,5995,2.0,2,1179,5,26.0,6,0,0,0,1,1,0,0,1,Williamsburg,Brooklyn
4248,1900,2.0,1,800,7,3.0,85,0,0,0,0,0,0,0,0,Bay Ridge,Brooklyn
5040,2630,0.0,1,408,5,9.0,11,1,0,0,0,0,0,0,0,Downtown Brooklyn,Brooklyn
6856,1895,2.0,1,930,6,5.0,57,1,0,0,0,0,0,0,0,Brighton Beach,Brooklyn
776,1895,2.0,1,750,4,2.0,107,1,0,0,0,0,0,0,0,Bedford-Stuyvesant,Brooklyn
6622,4500,3.0,1,1500,2,1.0,6,0,0,0,0,0,0,0,0,Bedford-Stuyvesant,Brooklyn
7815,4095,2.0,1,900,2,68.0,8,0,0,0,0,0,0,0,0,Williamsburg,Brooklyn
6557,3400,1.0,1,723,8,3.0,3,1,0,0,0,0,0,0,0,Williamsburg,Brooklyn
10127,2775,2.0,1,850,2,2.0,11,1,0,0,1,0,0,0,0,Bushwick,Brooklyn
544,2700,1.0,1,700,6,3.0,96,0,0,1,1,1,1,0,1,Carroll Gardens,Brooklyn
5186,2925,1.0,1,664,9,9.0,4,1,0,0,0,0,0,0,0,Williamsburg,Brooklyn
3127,2400,1.0,1,568,4,2.0,1,0,0,0,0,0,0,0,0,Bedford-Stuyvesant,Brooklyn
9425,1900,2.0,1,900,3,4.0,85,0,0,0,0,0,0,0,0,Prospect Park South,Brooklyn
4707,1650,1.0,1,500,8,2.0,91,0,0,0,0,0,0,0,0,Red Hook,Brooklyn
9197,4145,2.0,1,709,7,4.0,157,1,0,0,0,0,0,0,0,Cobble Hill,Brooklyn
8961,2500,1.0,2,680,4,2.0,8,0,0,1,0,0,0,1,0,Greenwood,Brooklyn
5374,2300,1.0,1,700,13,4.0,96,0,0,0,0,0,0,0,0,Cobble Hill,Brooklyn
3085,3195,2.0,1,1200,3,4.0,10,1,0,0,0,0,0,0,0,Williamsburg,Brooklyn
9973,2750,1.0,1,700,12,4.0,9,0,0,0,0,1,0,0,0,Clinton Hill,Brooklyn
6584,1650,0.5,1,750,4,1.0,75,0,0,0,0,0,0,0,0,Kensington,Brooklyn
4300,4500,2.0,2,1800,10,2.0,1,0,0,0,0,0,0,0,0,Manhattan Beach,Brooklyn
9649,3199,1.5,0,750,4,3.0,96,1,0,0,0,0,0,0,0,Downtown Brooklyn,Brooklyn
8123,4300,2.0,2,1222,6,15.0,13,0,1,0,1,1,1,0,1,Williamsburg,Brooklyn
2203,2000,0.0,1,414,8,2.0,85,1,0,0,0,0,0,0,0,Boerum Hill,Brooklyn
7300,2534,0.0,1,437,7,2.0,2,0,0,0,0,0,0,0,0,Williamsburg,Brooklyn
5975,2500,1.0,1,800,2,3.0,86,1,0,0,0,0,0,0,0,Williamsburg,Brooklyn
1846,3750,3.0,2,1300,2,2.0,85,0,0,0,0,0,0,0,0,Bedford-Stuyvesant,Brooklyn
5958,3400,0.0,2,705,5,2.0,96,0,0,0,0,0,0,0,0,Williamsburg,Brooklyn
5345,3225,1.0,1,590,1,25.0,17,1,0,0,0,0,0,0,0,Brooklyn Heights,Brooklyn
729,4200,2.0,2,1222,6,14.0,13,1,0,0,0,0,0,0,0,Williamsburg,Brooklyn
7780,2488,1.0,1,500,7,5.0,116,0,0,0,0,1,0,0,1,Brooklyn Heights,Brooklyn
7515,2550,1.0,1,613,6,3.0,10,0,1,1,1,1,1,1,0,Park Slope,Brooklyn
8642,3250,2.0,1,900,6,2.0,96,1,0,0,0,0,0,0,0,Williamsburg,Brooklyn
11173,3411,1.0,1,713,4,18.0,7,1,0,0,0,0,0,0,0,Williamsburg,Brooklyn
9471,1500,1.0,1,700,6,3.0,60,0,0,0,0,0,0,0,0,Ocean Parkway,Brooklyn
533,1995,2.0,2,845,3,1.0,111,0,0,0,0,0,0,0,0,Bedford-Stuyvesant,Brooklyn
11332,2510,0.0,1,476,1,36.0,7,1,0,0,0,0,0,0,0,Downtown Brooklyn,Brooklyn
6739,3900,1.0,1,625,5,5.0,1,1,0,0,0,0,0,0,0,DUMBO,Brooklyn
2463,3600,2.0,1,1100,4,12.0,58,0,0,1,1,1,1,0,0,Downtown Brooklyn,Brooklyn
5923,3000,4.0,1,1200,2,2.0,106,0,0,0,0,0,0,0,0,Bedford-Stuyvesant,Brooklyn
3782,3320,1.0,1,578,1,18.0,17,1,0,0,0,0,1,0,0,Brooklyn Heights,Brooklyn
9450,3400,3.0,2,1500,5,1.0,85,1,0,0,0,0,0,0,0,Bushwick,Brooklyn
7434,2495,0.0,1,487,1,14.0,5,1,0,0,0,0,0,0,0,Downtown Brooklyn,Brooklyn
1765,6600,2.0,2,1218,0,6.0,116,1,0,1,1,1,1,0,1,Brooklyn Heights,Brooklyn
9555,2000,0.0,1,450,8,1.0,111,0,0,0,0,0,0,0,0,Fort Greene,Brooklyn
6326,2570,2.0,1,950,5,8.0,6,1,0,0,0,0,1,0,0,Flatbush,Brooklyn
4079,2900,1.0,1,750,7,2.0,8,0,0,0,0,0,0,0,0,Williamsburg,Brooklyn
4668,2000,1.0,1,650,2,4.0,85,1,0,0,0,0,0,0,0,Crown Heights,Brooklyn
9524,3204,1.0,1,616,6,2.0,2,1,0,0,0,0,0,0,0,Williamsburg,Brooklyn
9543,6895,3.0,2,1601,1,26.0,10,1,0,0,0,0,0,0,0,DUMBO,Brooklyn
4078,3499,2.0,2,1600,5,1.0,85,1,0,0,0,0,0,0,0,Bushwick,Brooklyn
9755,3800,3.0,1,1000,14,1.0,96,0,0,0,0,0,0,0,0,Fort Greene,Brooklyn
7261,3700,3.0,1,1500,3,2.0,110,0,0,0,0,0,0,0,0,Prospect Heights,Brooklyn
5352,3540,1.0,1,683,3,6.0,7,1,0,0,0,0,0,0,0,Williamsburg,Brooklyn
4375,2704,0.0,1,437,7,7.0,2,1,0,0,0,0,0,0,0,Williamsburg,Brooklyn
3648,1425,1.0,1,650,4,1.0,88,0,0,0,0,0,0,0,0,Bay Ridge,Brooklyn
8272,1950,2.0,1,800,4,2.0,106,0,0,0,0,0,0,0,0,Kensington,Brooklyn
6701,1581,0.0,1,513,2,5.0,52,0,0,0,0,0,0,0,0,Coney Island,Brooklyn
7827,4500,3.0,2,1000,2,3.0,106,1,0,0,0,0,0,0,0,Williamsburg,Brooklyn
6422,2000,1.0,1,1064,9,5.0,84,0,0,0,0,0,0,0,0,Bay Ridge,Brooklyn
5557,2500,1.0,1,804,7,6.0,90,1,0,0,0,0,0,0,0,Flatbush,Brooklyn
10646,3995,3.5,2,1500,3,1.0,85,0,0,0,0,0,0,0,0,Greenpoint,Brooklyn
8646,5320,2.0,2,992,5,11.0,11,1,0,0,0,0,0,0,0,Downtown Brooklyn,Brooklyn
1794,2590,2.0,1,800,2,3.0,106,0,0,0,0,0,0,0,0,Williamsburg,Brooklyn
4263,5500,3.0,2,1652,1,10.0,88,1,0,1,0,0,0,1,0,Downtown Brooklyn,Brooklyn
3072,4350,3.0,1,950,2,2.0,106,1,0,0,0,0,0,0,0,Williamsburg,Brooklyn
1154,3950,3.0,2,1450,2,4.0,79,0,0,0,0,0,0,0,0,Windsor Terrace,Brooklyn
7953,2350,2.0,1,1000,3,12.0,111,0,0,0,0,0,0,0,0,Crown Heights,Brooklyn
10582,3415,4.0,2,1630,6,40.0,89,1,0,0,0,0,0,0,0,Flatbush,Brooklyn
10935,2500,0.0,1,441,2,5.0,5,0,0,0,1,0,0,0,0,Williamsburg,Brooklyn
2116,4650,2.0,2,1295,1,17.0,88,1,0,0,0,0,0,0,0,Downtown Brooklyn,Brooklyn
1988,3340,1.0,1,518,1,8.0,17,1,0,0,0,0,0,0,0,Brooklyn Heights,Brooklyn
3667,1700,2.0,1,900,9,2.0,85,0,0,0,0,0,0,0,0,Dyker Heights,Brooklyn
2777,2450,2.0,1,1100,4,2.0,85,1,0,0,0,0,0,0,0,Bushwick,Brooklyn
8660,2100,2.5,1,1000,5,3.0,85,1,0,0,0,0,0,0,0,Bushwick,Brooklyn
9040,7200,3.0,2,1427,2,5.0,90,1,0,0,0,1,0,0,0,Downtown Brooklyn,Brooklyn
3902,1950,2.0,1,600,8,3.0,92,0,0,0,0,0,0,0,0,Sunset Park,Brooklyn
6481,2300,1.0,1,680,9,3.0,88,1,0,0,0,0,0,0,0,Greenpoint,Brooklyn
9151,3725,1.0,1,661,3,8.0,16,1,0,0,0,0,0,0,0,DUMBO,Brooklyn
7619,3100,1.0,1,950,4,1.0,96,1,0,0,0,0,0,0,0,Downtown Brooklyn,Brooklyn
3911,3300,3.0,1,900,1,4.0,6,1,0,0,0,0,0,0,0,Williamsburg,Brooklyn
5996,2775,2.0,1,900,5,2.0,85,0,1,0,1,1,0,0,1,Greenpoint,Brooklyn
9593,3600,1.0,1,824,2,13.0,89,0,1,1,0,1,0,0,1,Fort Greene,Brooklyn
924,2500,1.0,1,589,5,3.0,10,0,0,0,0,0,0,0,0,Park Slope,Brooklyn
11122,3600,1.0,1,1000,3,3.0,96,1,0,0,0,0,0,0,0,Williamsburg,Brooklyn
7935,3099,2.0,1,750,3,4.0,8,1,0,0,0,0,0,0,0,Williamsburg,Brooklyn
4887,3995,2.0,1,850,7,4.0,7,1,0,0,0,0,0,0,0,Williamsburg,Brooklyn
4425,2500,1.0,1,780,10,2.0,126,0,0,0,0,0,0,0,0,Clinton Hill,Brooklyn
9484,1900,1.0,1,800,3,4.0,85,0,0,0,0,0,0,0,0,Prospect Lefferts Gardens,Brooklyn
6488,2729,1.0,1,683,3,2.0,0,1,0,0,0,0,0,0,0,Prospect Park South,Brooklyn
1520,2500,1.0,1,800,4,3.0,85,1,0,0,0,0,0,0,0,Bushwick,Brooklyn
2838,2417,2.0,2,850,7,4.0,85,1,0,0,0,0,0,0,0,Bushwick,Brooklyn
2781,6250,2.0,2,1200,2,11.0,5,0,0,1,0,0,1,1,0,Williamsburg,Brooklyn
119,2550,1.0,1,673,8,4.0,143,1,0,0,0,0,1,0,0,Fort Greene,Brooklyn
6252,1700,1.0,1,650,6,4.0,56,0,0,0,0,0,0,0,0,Bay Ridge,Brooklyn
6288,2195,2.0,1,1225,3,5.0,59,1,0,0,0,0,0,0,0,Gravesend,Brooklyn
9196,3805,1.0,1,706,5,9.0,11,1,0,0,0,0,0,0,0,Downtown Brooklyn,Brooklyn
1582,2750,2.0,1,900,7,1.0,96,1,0,0,0,0,0,0,0,Crown Heights,Brooklyn
1789,4000,3.0,1,800,3,1.0,96,0,0,0,0,0,0,0,0,Park Slope,Brooklyn
2788,3950,2.0,1,929,3,2.0,7,1,0,0,0,0,0,0,0,DUMBO,Brooklyn
6264,2446,2.0,1,1000,8,1.0,88,0,0,0,0,0,0,0,0,Williamsburg,Brooklyn
8380,3800,3.0,1,1300,3,2.0,117,0,0,0,0,0,0,0,0,Park Slope,Brooklyn
1345,2635,0.0,1,503,1,19.0,7,1,0,0,0,0,0,0,0,Downtown Brooklyn,Brooklyn
9982,2600,2.0,1,900,3,3.0,81,0,0,0,0,0,0,0,0,Prospect Park South,Brooklyn
7715,1800,1.0,1,700,5,1.0,87,0,0,0,0,0,0,0,0,Prospect Park South,Brooklyn
3273,1850,1.0,1,700,11,2.0,1,1,0,0,0,0,0,0,0,Bedford-Stuyvesant,Brooklyn
11041,2500,1.0,1,800,5,3.0,106,0,0,0,0,0,0,0,0,Williamsburg,Brooklyn
4429,2900,1.0,1,900,2,2.0,96,1,0,0,0,0,0,0,0,Williamsburg,Brooklyn
2702,3337,1.0,1,677,6,2.0,2,1,0,0,0,0,0,0,0,Williamsburg,Brooklyn
3950,2150,1.0,1,700,11,3.0,106,1,0,0,0,0,0,0,0,Bedford-Stuyvesant,Brooklyn
1436,3000,0.0,1,645,5,5.0,8,0,0,0,1,0,0,0,0,Williamsburg,Brooklyn
1223,4850,2.0,2,1114,6,2.0,2,1,0,0,0,0,0,0,0,Williamsburg,Brooklyn
1573,3295,1.0,1,675,1,15.0,7,1,0,0,0,0,0,0,0,Downtown Brooklyn,Brooklyn
7896,3695,2.0,1,800,3,2.0,2,1,0,0,0,0,0,0,0,Downtown Brooklyn,Brooklyn
9015,2200,1.0,1,713,3,5.0,86,0,0,0,0,0,0,0,0,Crown Heights,Brooklyn
8366,3385,3.0,2,1175,4,2.0,9,1,0,0,0,0,0,0,0,Crown Heights,Brooklyn
9853,4395,2.0,2,1300,3,1.0,79,0,0,0,0,0,1,0,0,Prospect Heights,Brooklyn
8938,4500,2.0,1,1500,4,4.0,85,0,0,0,0,0,0,0,0,Fort Greene,Brooklyn
10426,3000,0.0,1,794,2,3.0,8,0,1,0,1,1,1,0,1,Williamsburg,Brooklyn
2774,4390,2.0,2,870,8,3.0,3,1,0,0,0,0,0,0,0,Williamsburg,Brooklyn
5151,5000,2.0,2,1150,4,4.0,9,0,1,0,1,1,1,0,1,Williamsburg,Brooklyn
6232,2695,1.0,1,645,3,4.0,0,1,0,0,0,0,0,0,0,Prospect Park South,Brooklyn
3430,6100,2.0,2,1104,6,4.0,8,1,0,0,0,0,1,0,0,Williamsburg,Brooklyn
4305,3675,1.0,1,704,3,1.0,116,1,0,0,0,0,0,0,0,DUMBO,Brooklyn
4712,3000,1.0,1,638,8,4.0,10,0,1,0,1,1,1,0,1,Greenpoint,Brooklyn
5784,3600,3.0,1,969,9,3.0,86,0,0,0,0,0,0,0,0,Crown Heights,Brooklyn
7474,2800,1.0,1,1000,13,3.0,86,1,0,0,0,0,0,0,0,Clinton Hill,Brooklyn
6963,2200,1.0,1,500,9,3.0,85,0,0,0,0,0,0,0,0,Park Slope,Brooklyn
662,2835,0.0,1,615,8,6.0,106,1,0,0,0,0,0,0,0,Williamsburg,Brooklyn
6946,2199,1.5,1,750,4,2.0,88,0,0,0,0,0,0,0,0,Williamsburg,Brooklyn
10674,1750,0.0,1,500,8,1.0,96,0,0,0,0,0,0,0,0,Park Slope,Brooklyn
3959,3795,3.0,1,1150,6,1.0,116,0,1,1,1,1,1,0,1,Cobble Hill,Brooklyn
4743,1425,0.0,1,490,6,1.0,56,1,0,0,0,0,0,0,0,Brighton Beach,Brooklyn
4252,9000,2.0,2,2005,5,4.0,100,0,0,0,1,1,0,0,1,DUMBO,Brooklyn
2740,2200,1.0,1,400,6,2.0,96,0,0,0,0,0,0,0,0,Park Slope,Brooklyn
6816,3600,2.0,2,1000,7,2.0,26,0,0,1,1,0,0,0,0,Windsor Terrace,Brooklyn
1144,2200,1.0,1,800,6,1.0,85,1,0,0,0,0,0,0,0,Williamsburg,Brooklyn
4397,6250,1.0,1,2000,9,4.0,85,0,0,0,0,0,0,0,0,Red Hook,Brooklyn
7656,2600,0.0,1,470,2,2.0,6,1,0,0,0,0,0,0,0,Williamsburg,Brooklyn
6277,3150,1.0,1,775,4,2.0,66,0,0,0,0,0,0,0,0,Williamsburg,Brooklyn
9760,3195,2.0,1,950,8,2.0,15,0,0,0,0,0,0,0,0,Williamsburg,Brooklyn
812,4314,1.0,1,625,5,3.0,1,1,0,0,0,0,0,0,0,DUMBO,Brooklyn
10172,2800,1.0,1,641,3,4.0,7,0,1,1,1,1,0,0,1,Gowanus,Brooklyn
5745,3750,2.0,2,1100,13,3.0,116,1,0,0,0,0,0,0,0,Cobble Hill,Brooklyn
7611,2910,1.0,1,677,1,10.0,7,1,0,0,0,0,0,0,0,Downtown Brooklyn,Brooklyn
10404,2650,2.0,1,821,7,3.0,15,0,0,0,0,0,0,0,0,Park Slope,Brooklyn
2165,1800,2.0,1,1000,9,3.0,91,0,0,0,0,0,0,0,0,Bay Ridge,Brooklyn
2437,3500,2.0,2,1139,7,11.0,96,1,0,0,0,0,0,0,0,Brighton Beach,Brooklyn
7497,4600,2.0,2,1000,2,2.0,86,0,0,0,0,0,0,0,0,Brooklyn Heights,Brooklyn
6619,4350,3.0,1,950,2,2.0,106,1,0,0,0,0,0,0,0,Williamsburg,Brooklyn
5090,3092,1.0,1,676,9,6.0,4,1,0,0,0,0,0,0,0,Williamsburg,Brooklyn
10588,1938,1.0,1,603,7,5.0,90,1,0,0,0,0,0,0,0,Flatbush,Brooklyn
8953,1995,2.0,1,995,5,6.0,58,1,0,0,0,0,0,0,0,Gravesend,Brooklyn
4144,4500,3.0,2,1600,2,4.0,79,0,0,0,0,0,0,0,0,Windsor Terrace,Brooklyn
967,5500,2.0,2,1355,2,13.0,89,1,0,0,0,0,0,0,0,Fort Greene,Brooklyn
7536,3450,2.0,1,900,0,2.0,86,0,0,0,0,0,0,0,0,Greenpoint,Brooklyn
4122,3950,1.0,1,775,5,19.0,6,0,1,0,1,1,0,0,1,Williamsburg,Brooklyn
6042,2650,2.0,2,1003,7,6.0,96,1,0,0,0,0,0,0,0,Brighton Beach,Brooklyn
6437,4000,3.0,1,1800,6,1.0,5,0,0,0,0,0,0,0,0,Bedford-Stuyvesant,Brooklyn
5421,2400,0.0,1,475,9,2.0,16,0,0,0,0,0,0,0,0,Park Slope,Brooklyn
10919,3000,1.0,1,750,3,2.0,7,0,1,1,1,1,1,0,1,Williamsburg,Brooklyn
4423,4200,2.0,2,910,3,2.0,12,0,0,0,1,0,0,0,0,Williamsburg,Brooklyn
3941,4000,1.0,1,1085,6,4.0,88,0,0,0,0,0,0,0,0,Brooklyn Heights,Brooklyn
1171,5995,2.0,2,1033,7,12.0,9,0,1,1,1,1,1,0,1,Williamsburg,Brooklyn
8460,4950,2.0,2,1300,3,3.0,13,0,0,0,0,0,0,0,0,Park Slope,Brooklyn
2937,2300,1.0,1,500,6,3.0,146,0,0,0,0,1,0,0,0,Cobble Hill,Brooklyn
8892,3000,0.0,1,511,2,30.0,3,1,0,0,0,0,0,0,0,Fort Greene,Brooklyn
11337,6565,3.0,2,1207,1,27.0,17,1,0,0,0,0,0,0,0,Brooklyn Heights,Brooklyn
5922,3100,2.0,1,850,0,7.0,70,0,1,0,1,1,1,1,1,Clinton Hill,Brooklyn
47,3333,0.0,1,1025,8,1.0,106,1,0,0,0,0,0,0,0,Williamsburg,Brooklyn
4223,5250,3.0,2,1570,2,7.0,10,1,0,0,0,0,0,0,0,Carroll Gardens,Brooklyn
10819,2650,2.0,1,1000,8,2.0,88,0,0,0,0,0,0,0,0,Williamsburg,Brooklyn
673,12000,3.0,2,2571,6,2.0,88,0,0,0,1,1,0,0,0,Brooklyn Heights,Brooklyn
6907,10000,3.0,2,1854,6,4.0,8,0,0,0,0,0,0,0,0,Carroll Gardens,Brooklyn
8316,2200,1.0,1,750,5,2.0,96,0,0,0,0,0,0,0,0,Park Slope,Brooklyn
2485,2625,0.0,1,515,4,34.0,7,1,0,0,0,0,0,0,0,Downtown Brooklyn,Brooklyn
4816,1550,1.0,1,900,10,1.0,85,0,0,0,0,0,0,0,0,Sheepshead Bay,Brooklyn
1112,2700,1.0,1,900,2,2.0,96,0,0,0,0,0,0,0,0,Park Slope,Brooklyn
9251,2500,1.0,1,665,5,4.0,86,0,0,0,0,0,0,0,0,Clinton Hill,Brooklyn
4022,4750,4.0,2,964,6,4.0,112,0,0,0,0,0,0,0,0,Park Slope,Brooklyn
7707,2150,0.0,1,420,5,6.0,96,0,0,0,0,0,0,0,0,Downtown Brooklyn,Brooklyn
8180,2700,2.0,1,750,3,2.0,88,0,0,0,0,0,0,0,0,Williamsburg,Brooklyn
10262,3875,1.0,1,784,6,3.0,8,1,0,0,0,0,0,0,0,Williamsburg,Brooklyn
2732,2100,2.0,1,1000,0,1.0,115,1,0,0,0,0,0,0,0,Bushwick,Brooklyn
10749,4400,2.0,2,1100,7,3.0,2,1,0,0,0,0,0,0,0,Williamsburg,Brooklyn
8999,2800,1.0,1,700,7,1.0,101,0,0,0,0,0,0,0,0,Carroll Gardens,Brooklyn
10860,2650,1.0,1,1000,5,2.0,91,0,0,0,0,0,0,0,0,Prospect Heights,Brooklyn
8848,2300,1.0,1,650,2,1.0,96,0,0,0,0,0,0,0,0,Williamsburg,Brooklyn
1254,3630,1.0,1,667,1,34.0,7,1,0,0,0,0,0,0,0,Downtown Brooklyn,Brooklyn
3207,4416,3.0,1,900,9,4.0,96,1,0,0,0,0,0,0,0,Greenpoint,Brooklyn
931,2000,2.0,1,1000,6,3.0,85,0,0,0,0,0,0,0,0,Bedford-Stuyvesant,Brooklyn
9209,2275,1.0,1,500,8,4.0,96,1,0,0,0,0,0,0,0,Park Slope,Brooklyn
9762,2999,2.0,1,750,3,2.0,106,0,0,0,0,0,0,0,0,Williamsburg,Brooklyn
7184,2975,3.0,1,723,4,2.0,85,1,0,0,0,0,0,0,0,Gowanus,Brooklyn
1910,2854,1.0,1,605,7,5.0,2,0,0,0,0,0,0,0,0,Williamsburg,Brooklyn
10281,2700,0.0,1,908,6,1.0,101,1,0,0,0,0,0,0,0,Greenpoint,Brooklyn
8893,3750,1.0,1,696,2,15.0,3,1,0,0,0,0,0,0,0,Fort Greene,Brooklyn
7197,3800,1.0,1,1100,4,4.0,96,0,0,0,0,0,0,0,0,DUMBO,Brooklyn
5261,3600,3.0,1,1000,2,2.0,86,1,0,0,0,0,0,0,0,Prospect Heights,Brooklyn
3108,4400,1.0,1,725,4,2.0,9,0,0,0,1,1,1,0,1,Williamsburg,Brooklyn
5530,3400,1.0,1,753,1,5.0,10,1,0,0,0,0,1,0,0,DUMBO,Brooklyn
4633,3200,1.5,1,1000,2,2.0,85,0,0,0,0,0,0,0,0,Greenpoint,Brooklyn
10806,3400,1.0,1,739,2,4.0,2,0,0,0,0,0,0,0,0,Williamsburg,Brooklyn
8850,2650,0.5,1,490,5,23.0,8,0,0,0,0,1,0,0,0,Williamsburg,Brooklyn
8289,4350,3.0,1,950,2,2.0,106,1,0,0,0,0,0,0,0,Williamsburg,Brooklyn
6073,6995,3.0,3,1467,1,4.0,4,1,0,1,0,0,0,0,0,Williamsburg,Brooklyn
8234,8900,3.0,2,1709,6,3.0,88,1,0,0,0,0,0,1,1,Brooklyn Heights,Brooklyn
4854,3200,1.0,1,750,1,2.0,115,1,0,0,0,0,0,0,0,Williamsburg,Brooklyn
10843,2500,1.5,1,800,9,4.0,116,0,0,0,0,0,0,0,0,Boerum Hill,Brooklyn
6523,1800,0.0,1,350,6,1.0,11,0,0,0,0,0,0,0,0,Greenpoint,Brooklyn
8299,1600,0.0,1,600,4,5.0,59,0,0,0,0,0,0,0,0,Bay Ridge,Brooklyn
1456,4100,1.0,2,723,5,4.0,86,1,0,0,0,0,0,0,0,DUMBO,Brooklyn
3167,1800,1.0,1,900,6,1.0,56,0,0,0,0,0,0,0,0,Bay Ridge,Brooklyn
4024,2899,2.0,1,750,4,4.0,9,0,0,0,0,0,0,0,0,Williamsburg,Brooklyn
4708,2400,2.0,1,800,6,2.0,86,0,0,0,0,0,0,0,0,Greenpoint,Brooklyn
5845,1900,0.0,1,453,5,2.0,6,0,0,0,0,0,0,0,0,Bedford-Stuyvesant,Brooklyn
8537,3475,1.5,1,1275,3,2.0,115,1,0,0,0,0,0,0,0,Bedford-Stuyvesant,Brooklyn
8631,4600,2.0,2,1034,5,6.0,8,0,0,0,0,0,0,0,0,Williamsburg,Brooklyn
4773,3000,3.0,1,900,2,1.0,85,1,0,0,0,0,0,0,0,Prospect Lefferts Gardens,Brooklyn
6510,2750,1.0,1,550,2,2.0,11,1,0,0,1,0,0,0,0,Bushwick,Brooklyn
5491,2700,2.0,1,800,7,11.0,96,0,0,0,0,0,0,0,0,Williamsburg,Brooklyn
4645,2200,2.0,1,900,5,3.0,10,0,0,0,0,0,0,0,0,Midwood,Brooklyn
4659,4899,4.0,3,1500,6,2.0,88,0,0,0,0,0,0,0,0,Greenpoint,Brooklyn
1782,3200,1.0,1,700,4,4.0,2,1,0,0,0,0,0,0,0,Williamsburg,Brooklyn
4466,3300,1.0,1,733,2,11.0,90,0,0,0,0,1,0,0,0,Downtown Brooklyn,Brooklyn
2669,5300,2.0,2,1400,3,9.0,114,0,0,1,0,0,0,0,0,Prospect Heights,Brooklyn
5360,3150,1.5,1,1000,8,3.0,9,0,0,0,0,1,0,0,0,Williamsburg,Brooklyn
3193,5630,2.0,2,974,6,6.0,2,1,0,0,0,0,0,0,0,Williamsburg,Brooklyn
9380,4349,3.5,3,1900,5,1.0,85,1,0,0,0,0,0,0,0,Bedford-Stuyvesant,Brooklyn
10186,1750,1.5,1,1000,2,2.0,85,0,0,0,0,0,0,0,0,Bushwick,Brooklyn
6983,4500,3.0,2,1000,2,3.0,106,1,0,0,0,0,0,0,0,Williamsburg,Brooklyn
4537,2734,0.0,1,515,6,5.0,2,1,0,0,0,0,0,0,0,Williamsburg,Brooklyn
8664,2000,1.0,1,525,3,4.0,116,0,0,0,0,0,0,0,0,Cobble Hill,Brooklyn
3140,2500,1.0,1,706,1,3.0,9,1,0,0,0,0,0,1,0,Bedford-Stuyvesant,Brooklyn
6949,2550,1.0,1,450,9,7.0,86,0,0,0,0,0,0,0,0,Greenpoint,Brooklyn
343,2850,1.0,1,620,5,4.0,8,0,0,0,0,0,0,0,0,Williamsburg,Brooklyn
2494,3570,0.0,1,876,3,4.0,7,1,0,0,0,0,0,0,0,Williamsburg,Brooklyn
6296,2875,3.0,1,1550,8,2.0,86,1,0,0,0,0,0,0,0,Bay Ridge,Brooklyn
2487,3256,1.0,1,669,4,35.0,7,1,0,0,0,0,0,0,0,Downtown Brooklyn,Brooklyn
1391,3025,1.0,1,655,7,5.0,2,0,0,0,0,0,0,0,0,Williamsburg,Brooklyn
11226,2699,2.0,1,800,3,3.0,85,1,0,0,0,0,0,0,0,Williamsburg,Brooklyn
10637,1550,1.0,1,682,4,1.0,96,1,0,0,0,0,0,0,0,Crown Heights,Brooklyn
808,1975,1.0,0,500,5,2.0,106,0,0,0,0,0,0,0,0,Carroll Gardens,Brooklyn
9777,1650,1.0,1,650,7,19.0,92,0,0,0,0,0,0,0,0,Brownsville,Brooklyn
3948,1800,1.0,1,700,3,2.0,115,1,0,0,0,0,0,0,0,Bedford-Stuyvesant,Brooklyn
1995,2500,2.0,1,1000,4,2.0,85,1,0,0,0,0,0,0,0,Bushwick,Brooklyn
837,4100,2.0,1,988,3,3.0,7,1,1,0,1,1,0,0,1,DUMBO,Brooklyn
5202,4620,2.0,2,876,3,7.0,7,1,0,0,0,0,0,0,0,Williamsburg,Brooklyn
6759,3250,4.0,1,1400,9,2.0,106,1,1,1,1,1,1,1,1,Bedford-Stuyvesant,Brooklyn
3706,2200,1.0,1,800,6,2.0,85,1,0,0,0,0,0,0,0,Williamsburg,Brooklyn
601,3800,2.0,1,1700,5,1.0,8,1,0,0,0,0,0,0,0,Greenpoint,Brooklyn
1082,3680,1.0,1,675,1,39.0,7,1,0,0,0,0,0,0,0,Downtown Brooklyn,Brooklyn
9689,2965,2.0,2,868,4,3.0,8,0,0,0,0,0,0,0,0,Greenwood,Brooklyn
2955,2600,3.0,2,900,8,2.0,85,1,0,0,0,0,0,0,0,Bushwick,Brooklyn
6959,2750,1.0,1,550,9,7.0,86,0,0,0,0,0,0,0,0,Greenpoint,Brooklyn
5824,1800,0.0,1,500,7,6.0,96,1,0,0,0,0,0,0,0,Brighton Beach,Brooklyn
5525,1475,1.0,1,675,7,10.0,92,0,0,0,0,0,0,0,0,Crown Heights,Brooklyn
6588,2400,2.0,1,900,5,3.0,88,1,0,0,0,0,0,0,0,Greenpoint,Brooklyn
4358,3325,1.0,1,683,3,3.0,7,1,0,0,0,1,0,0,0,Williamsburg,Brooklyn
10471,2300,2.0,1,800,1,1.0,86,0,0,0,0,0,0,0,0,Clinton Hill,Brooklyn
663,2856,0.0,1,615,8,2.0,106,1,0,0,0,0,0,0,0,Williamsburg,Brooklyn
8908,2840,1.0,1,561,1,10.0,5,1,0,0,0,0,0,0,0,Downtown Brooklyn,Brooklyn
10397,3199,0.0,1,710,3,3.0,85,1,0,0,0,0,0,0,0,Williamsburg,Brooklyn
4661,3400,1.0,1,684,6,1.0,6,1,1,0,0,1,0,0,1,Williamsburg,Brooklyn
9665,2999,2.0,1,750,3,2.0,8,1,0,0,0,0,0,0,0,Williamsburg,Brooklyn
9797,2769,2.0,1,900,4,1.0,86,1,0,0,0,0,0,0,0,Williamsburg,Brooklyn
7084,3500,1.0,1,675,1,38.0,7,1,0,0,0,0,0,0,0,Downtown Brooklyn,Brooklyn
9976,4190,2.0,1,800,7,2.0,7,1,0,0,0,0,0,0,0,Williamsburg,Brooklyn
9980,2999,2.0,1,1000,6,4.0,11,0,0,0,0,0,0,0,0,Greenpoint,Brooklyn
3129,2200,2.0,1,900,3,4.0,85,1,0,0,0,0,0,0,0,Williamsburg,Brooklyn
2567,2750,1.0,1,675,3,3.0,85,0,0,0,0,0,0,0,0,Greenpoint,Brooklyn
5173,3600,3.0,1,800,7,3.0,85,1,0,0,0,0,0,0,0,Bushwick,Brooklyn
1005,1900,1.0,1,625,4,3.0,88,0,1,1,1,1,0,1,1,Williamsburg,Brooklyn
10030,1750,1.0,1,874,5,5.0,55,0,1,1,1,1,1,0,1,Ocean Parkway,Brooklyn
6859,2100,2.0,1,1082,1,4.0,58,1,0,0,0,0,0,0,0,Sheepshead Bay,Brooklyn
6989,4100,2.0,1,900,2,68.0,8,0,0,0,0,1,0,0,0,Williamsburg,Brooklyn
2455,6320,3.0,3,1450,6,30.0,7,0,0,1,0,0,1,0,0,Downtown Brooklyn,Brooklyn
11199,3390,2.0,1,1500,3,1.0,106,1,0,0,0,0,0,0,0,Crown Heights,Brooklyn
10017,2300,3.0,1,850,7,1.0,92,0,0,0,0,0,0,0,0,Bay Ridge,Brooklyn
10960,2125,2.0,1,1140,6,6.0,57,1,0,0,0,0,0,0,0,Brighton Beach,Brooklyn
9456,3784,2.0,1,900,2,68.0,8,0,0,0,0,0,0,0,0,Williamsburg,Brooklyn
912,6500,2.0,2,1336,3,7.0,7,1,0,0,0,0,0,0,0,DUMBO,Brooklyn
9781,2000,2.0,1,850,1,2.0,85,0,0,0,0,0,0,0,0,Kensington,Brooklyn
10773,2400,1.0,1,746,2,1.0,86,0,0,0,0,0,0,0,0,Clinton Hill,Brooklyn
10225,5039,2.0,2,1071,7,7.0,2,1,0,0,0,0,0,0,0,Williamsburg,Brooklyn
5201,3515,1.0,1,683,3,4.0,7,1,0,0,0,0,0,0,0,Williamsburg,Brooklyn
6502,3100,1.0,1,1000,5,1.0,8,1,0,0,0,0,0,0,0,Williamsburg,Brooklyn
6610,4350,3.0,1,1100,2,2.0,106,1,0,0,0,0,0,0,0,Williamsburg,Brooklyn
6656,5405,1.0,1,666,5,7.0,86,1,0,0,0,0,0,0,0,DUMBO,Brooklyn
3593,3195,1.5,2,900,4,3.0,96,1,0,0,0,0,0,0,0,Downtown Brooklyn,Brooklyn
10216,4700,1.0,1,700,1,2.0,1,1,0,0,0,0,0,0,0,Brooklyn Heights,Brooklyn
7814,2995,2.0,1,850,2,2.0,11,1,0,0,1,0,0,0,0,Bushwick,Brooklyn
1905,2350,1.0,1,650,4,1.0,14,0,0,1,1,1,1,0,1,DUMBO,Brooklyn
6608,4095,2.0,1,900,2,68.0,8,0,0,0,0,0,0,0,0,Williamsburg,Brooklyn
6984,4350,3.0,1,1100,2,2.0,106,1,0,0,0,0,0,0,0,Williamsburg,Brooklyn
497,3500,1.0,1,731,1,3.0,96,1,0,1,0,0,0,0,0,Williamsburg,Brooklyn
10720,5100,3.0,2,1300,3,3.0,96,1,0,0,0,0,0,0,0,Williamsburg,Brooklyn
5049,2650,0.0,1,444,3,2.0,16,1,0,0,0,0,0,0,0,DUMBO,Brooklyn
6994,1575,1.0,1,775,2,2.0,27,1,0,1,1,1,0,0,1,Coney Island,Brooklyn
8484,1800,1.0,1,700,3,3.0,112,0,0,0,0,0,0,0,0,Sunset Park,Brooklyn
4657,4583,4.0,2,1000,6,4.0,96,1,0,0,0,0,0,0,0,Williamsburg,Brooklyn
10764,5800,2.0,2,1372,6,9.0,10,0,0,0,0,0,0,0,0,Downtown Brooklyn,Brooklyn
5073,2149,1.0,1,825,5,16.0,52,1,0,0,0,0,0,0,0,Coney Island,Brooklyn
11160,1800,1.0,1,850,9,1.0,55,0,0,0,1,0,0,0,0,Kensington,Brooklyn
4830,5200,3.0,2,1400,1,4.0,96,0,0,0,0,0,0,0,0,Park Slope,Brooklyn
6424,2475,0.0,1,402,1,30.0,7,1,0,0,0,0,0,0,0,Downtown Brooklyn,Brooklyn
9262,2999,0.0,1,820,3,4.0,85,1,0,0,0,0,0,0,0,Williamsburg,Brooklyn
11043,1800,1.0,1,650,5,1.0,91,1,0,0,0,0,0,0,0,Crown Heights,Brooklyn
6558,2875,0.0,1,648,8,1.0,3,1,0,0,0,0,0,0,0,Williamsburg,Brooklyn
9335,4100,2.5,2,1650,8,7.0,117,0,0,0,0,0,0,0,0,Greenpoint,Brooklyn
6297,1825,1.0,1,806,8,2.0,86,1,0,0,0,0,0,0,0,Bay Ridge,Brooklyn
1568,3150,2.0,2,1300,10,5.0,1,0,0,0,0,0,0,0,0,Manhattan Beach,Brooklyn
1821,6250,3.0,3,1900,2,2.0,86,0,0,0,0,0,0,0,0,Clinton Hill,Brooklyn
4364,3485,2.0,1,1200,8,1.0,11,1,0,0,0,0,0,0,0,Crown Heights,Brooklyn
2149,2300,1.0,1,500,11,3.0,96,0,0,0,0,0,0,0,0,Red Hook,Brooklyn
3101,3100,1.0,1,722,2,12.0,89,0,1,1,1,1,1,0,1,Fort Greene,Brooklyn
10405,3025,2.0,1,800,2,2.0,86,1,0,0,0,0,0,0,0,Williamsburg,Brooklyn
2768,2200,0.0,1,444,1,12.0,9,0,1,1,0,1,1,0,0,Downtown Brooklyn,Brooklyn
4662,4033,2.0,2,830,2,5.0,5,0,0,1,0,0,0,0,0,Williamsburg,Brooklyn
6307,1500,0.0,1,300,3,6.0,90,0,0,0,1,1,0,0,0,Crown Heights,Brooklyn
3590,3595,1.0,1,675,1,6.0,106,1,0,0,0,0,0,0,0,Brooklyn Heights,Brooklyn
6300,2300,2.0,1,650,3,2.0,106,1,0,0,0,0,0,0,0,Greenwood,Brooklyn
3685,3210,1.0,1,646,2,6.0,5,0,0,0,0,0,1,0,0,Williamsburg,Brooklyn
10771,4200,4.0,1,1850,5,2.0,85,0,0,0,0,0,0,0,0,Fort Greene,Brooklyn
3809,3999,2.0,2,1200,1,21.0,3,1,0,0,0,0,0,0,0,Downtown Brooklyn,Brooklyn
6287,1650,1.0,1,713,11,3.0,55,1,0,0,0,0,0,0,0,Sheepshead Bay,Brooklyn
7914,3671,0.0,1,569,5,5.0,1,1,0,0,0,0,0,0,0,DUMBO,Brooklyn
3968,2125,2.0,1,1157,7,7.0,56,1,0,0,0,0,0,0,0,Brighton Beach,Brooklyn
3940,2625,0.0,1,472,6,4.0,2,1,0,0,0,0,0,0,0,Williamsburg,Brooklyn
2159,2200,2.0,1,800,4,3.0,101,0,0,0,0,0,0,0,0,Bedford-Stuyvesant,Brooklyn
3935,1675,2.0,1,900,14,7.0,50,0,0,0,0,0,0,0,0,East Flatbush,Brooklyn
6853,2000,2.0,1,1139,7,5.0,56,1,0,0,0,0,0,0,0,Brighton Beach,Brooklyn
10467,2450,0.0,1,441,2,2.0,5,0,0,0,1,0,0,0,0,Williamsburg,Brooklyn
9787,2000,2.0,1,800,2,3.0,91,0,0,0,0,0,0,0,0,East Flatbush,Brooklyn
6531,4245,1.0,1,762,4,2.0,106,1,0,0,0,0,0,0,0,Williamsburg,Brooklyn
11319,3350,3.0,1,1000,3,2.0,85,1,0,0,0,0,0,0,0,Williamsburg,Brooklyn
4110,2550,1.5,1,800,8,4.0,95,0,0,0,0,0,0,0,0,Park Slope,Brooklyn
2825,1450,0.0,1,450,4,4.0,85,0,0,0,0,1,0,0,0,Kensington,Brooklyn
1816,3000,2.0,2,950,7,5.0,7,0,1,1,1,1,1,0,1,Bedford-Stuyvesant,Brooklyn
3631,1971,1.0,1,845,2,16.0,52,1,0,0,0,0,0,0,0,Coney Island,Brooklyn
517,3434,3.0,2,1175,4,2.0,9,1,0,0,0,0,0,0,0,Crown Heights,Brooklyn
803,3500,2.0,2,950,5,4.0,8,1,0,0,0,0,0,0,0,Williamsburg,Brooklyn
5222,4200,2.0,2,1126,3,4.0,2,0,0,0,0,0,0,0,0,Williamsburg,Brooklyn
2214,2650,1.0,1,634,8,4.0,143,1,0,0,0,0,0,0,0,Fort Greene,Brooklyn
2978,2500,2.0,2,1150,6,4.0,3,0,0,0,0,0,0,0,0,Coney Island,Brooklyn
7304,5250,2.0,2,1135,7,7.0,2,0,0,0,0,0,0,0,0,Williamsburg,Brooklyn
9291,12000,3.0,2,2093,1,52.0,3,0,0,0,0,0,0,0,0,Downtown Brooklyn,Brooklyn
10900,2350,3.0,1,1200,3,2.0,111,0,0,0,0,0,0,0,0,Prospect Lefferts Gardens,Brooklyn
3804,2550,1.0,1,650,4,3.0,11,0,1,1,1,1,1,0,1,Clinton Hill,Brooklyn
1165,3490,1.0,1,578,1,26.0,17,1,0,0,0,0,0,0,0,Brooklyn Heights,Brooklyn
5918,2891,1.0,1,665,7,3.0,2,0,0,0,0,0,0,0,0,Williamsburg,Brooklyn
11260,2685,1.0,1,800,3,2.0,85,1,0,0,0,0,0,0,0,Williamsburg,Brooklyn
4614,4200,3.0,2,1000,2,3.0,10,1,0,0,0,0,0,0,0,Williamsburg,Brooklyn
2564,2000,3.0,2,1200,13,7.0,50,0,0,0,0,0,0,0,0,East Flatbush,Brooklyn
8148,4500,2.0,2,1000,8,2.0,117,0,0,0,0,0,0,0,0,Columbia St Waterfront District,Brooklyn
6902,2950,2.0,2,870,8,1.0,12,0,0,0,0,0,0,0,0,Greenwood,Brooklyn
9164,4354,1.0,1,924,3,7.0,7,1,1,0,1,1,0,1,1,DUMBO,Brooklyn
4863,3300,1.0,1,735,8,1.0,3,1,0,0,0,0,0,0,0,Williamsburg,Brooklyn
8634,3695,1.0,1,813,5,8.0,6,0,0,0,0,0,0,0,1,Williamsburg,Brooklyn
10591,5195,3.0,1,950,5,3.0,89,1,0,0,0,0,0,0,0,Williamsburg,Brooklyn
5029,3595,1.0,1,706,1,30.0,17,1,0,0,0,0,0,0,0,Brooklyn Heights,Brooklyn
5485,3200,1.0,1,815,6,6.0,88,0,0,0,0,0,0,0,0,Brooklyn Heights,Brooklyn
5744,2995,2.0,1,850,2,2.0,11,1,0,0,0,0,1,0,0,Bushwick,Brooklyn
8955,2850,1.0,1,800,2,4.0,86,0,0,0,0,0,0,0,0,Prospect Heights,Brooklyn
6286,2075,2.0,1,1146,11,2.0,55,1,0,0,0,0,0,0,0,Sheepshead Bay,Brooklyn
796,1725,1.0,1,650,2,3.0,88,1,0,0,0,0,0,0,0,Ocean Parkway,Brooklyn
7316,2200,1.0,1,400,6,4.0,96,0,0,0,0,0,0,0,0,Park Slope,Brooklyn
2909,1550,1.0,1,725,2,2.0,92,0,0,0,0,0,0,0,0,Sheepshead Bay,Brooklyn
8021,2750,1.0,1,650,4,4.0,96,1,0,0,0,0,0,0,0,DUMBO,Brooklyn
6944,2500,1.0,1,1000,2,1.0,96,0,0,0,0,0,0,0,0,Carroll Gardens,Brooklyn
4302,4050,1.0,1,805,3,2.0,116,1,0,0,0,0,0,0,0,DUMBO,Brooklyn
770,3200,2.0,1,1000,5,3.0,58,0,0,0,0,0,0,0,0,Downtown Brooklyn,Brooklyn
3234,2800,3.0,1,1000,1,2.0,85,1,0,0,0,0,0,0,0,Williamsburg,Brooklyn
5018,2495,2.0,1,900,5,7.0,57,0,0,0,0,0,0,0,0,Brighton Beach,Brooklyn
7610,2665,0.0,1,503,1,33.0,7,1,0,0,0,0,0,0,0,Downtown Brooklyn,Brooklyn
4499,4500,5.0,2,1600,6,1.0,85,1,0,0,0,0,0,0,0,Bushwick,Brooklyn
7661,3825,2.0,1,822,1,18.0,5,1,0,0,0,0,0,0,0,Downtown Brooklyn,Brooklyn
7880,3400,1.0,1,717,8,4.0,3,1,0,0,0,0,0,0,0,Williamsburg,Brooklyn
7447,2745,1.0,1,750,10,7.0,3,1,0,0,0,0,0,0,0,Clinton Hill,Brooklyn
9337,9495,2.0,2,2000,1,22.0,10,0,0,1,1,1,0,0,0,DUMBO,Brooklyn
8304,2550,1.0,1,700,9,2.0,96,0,0,0,0,0,0,0,0,Carroll Gardens,Brooklyn
5793,2395,3.0,1,950,4,3.0,109,1,0,0,0,0,0,0,0,Bushwick,Brooklyn
6625,2300,0.0,1,500,13,2.0,116,1,0,0,0,0,0,0,0,Cobble Hill,Brooklyn
5014,4750,2.0,1,1200,2,1.0,10,0,0,0,0,1,0,0,0,Carroll Gardens,Brooklyn
10947,2500,3.0,1,1200,3,4.0,106,1,0,0,0,0,0,0,0,Bedford-Stuyvesant,Brooklyn
10927,3525,3.0,2,1800,11,1.0,117,0,0,0,0,0,0,0,0,Bedford-Stuyvesant,Brooklyn
10826,2600,0.0,1,492,2,2.0,5,0,0,0,0,0,0,0,0,Williamsburg,Brooklyn
4542,3400,2.0,1,800,8,4.0,15,0,0,1,0,1,1,0,0,Williamsburg,Brooklyn
1186,2215,0.0,1,550,7,8.0,6,0,1,1,1,1,1,0,1,Downtown Brooklyn,Brooklyn
617,5100,3.0,1,1350,4,5.0,90,0,0,0,0,0,0,0,0,Brooklyn Heights,Brooklyn
6596,3300,3.0,1,975,7,3.0,116,0,0,0,0,0,0,0,0,Carroll Gardens,Brooklyn
5407,2800,1.5,1,800,4,4.0,96,0,0,0,0,0,0,0,0,Park Slope,Brooklyn
2990,5210,2.0,1,888,5,5.0,114,1,0,0,0,0,0,0,0,DUMBO,Brooklyn
6148,2300,1.0,1,450,6,4.0,96,0,0,0,0,0,0,0,0,Park Slope,Brooklyn
7102,2600,2.0,2,1100,3,7.0,91,0,0,0,0,0,0,0,0,Sheepshead Bay,Brooklyn
821,4750,2.0,2,1327,4,9.0,86,0,0,0,0,0,0,0,0,Bedford-Stuyvesant,Brooklyn
2128,4303,2.0,1,797,7,7.0,2,0,0,0,0,0,0,0,0,Williamsburg,Brooklyn
7749,5300,2.0,1,1175,4,4.0,112,0,0,0,0,0,0,0,0,DUMBO,Brooklyn
2344,2050,2.0,1,785,6,3.0,85,0,0,0,0,0,0,0,0,Bedford-Stuyvesant,Brooklyn
3694,4995,1.0,1,1293,5,6.0,100,0,1,0,0,0,1,0,0,DUMBO,Brooklyn
9637,2350,1.0,1,800,3,4.0,0,1,0,0,0,0,0,0,0,Prospect Lefferts Gardens,Brooklyn
4285,3450,1.0,1,800,6,6.0,88,0,0,1,1,1,1,0,1,Brooklyn Heights,Brooklyn
5521,4250,2.0,2,985,6,2.0,11,0,1,1,1,1,0,0,1,Williamsburg,Brooklyn
6153,2400,2.0,2,750,4,3.0,96,1,0,0,0,0,0,0,0,Bedford-Stuyvesant,Brooklyn
10366,2735,0.0,1,503,1,26.0,7,1,0,0,0,0,0,0,0,Downtown Brooklyn,Brooklyn
10636,2500,0.0,1,525,7,2.0,66,1,0,0,0,0,0,0,0,Crown Heights,Brooklyn
487,2750,2.0,1,875,4,2.0,3,1,0,0,0,0,0,0,0,Williamsburg,Brooklyn
3106,3200,2.0,1,1000,6,2.0,117,0,0,0,0,0,0,0,0,Park Slope,Brooklyn
949,4075,2.0,1,1037,3,2.0,7,1,1,1,1,1,1,0,1,DUMBO,Brooklyn
446,2150,1.0,1,650,2,3.0,85,1,0,0,0,0,0,0,0,Crown Heights,Brooklyn
5015,6500,3.0,2,1398,5,21.0,6,1,1,0,1,1,1,0,1,Williamsburg,Brooklyn
2202,3100,1.0,1,722,2,11.0,89,0,0,1,0,1,1,0,0,Fort Greene,Brooklyn
8288,2995,2.0,1,850,2,2.0,11,1,0,0,0,0,1,0,0,Bushwick,Brooklyn
8485,2350,2.0,1,750,2,3.0,86,0,0,0,0,0,0,0,0,Williamsburg,Brooklyn
10384,3450,0.0,1,875,3,3.0,7,1,1,0,1,1,0,0,1,Williamsburg,Brooklyn
5223,4400,2.0,1,1200,3,7.0,2,0,0,0,0,0,0,0,0,Williamsburg,Brooklyn
4744,2250,2.0,2,1138,3,2.0,88,1,0,0,0,0,0,0,0,Gravesend,Brooklyn
9409,2800,2.0,0,775,3,2.0,88,0,0,0,0,0,0,0,0,Williamsburg,Brooklyn
11025,3299,0.0,1,710,3,4.0,85,1,0,0,0,0,0,0,0,Williamsburg,Brooklyn
3731,4800,2.0,2,1337,6,27.0,11,0,1,0,1,1,1,0,0,Downtown Brooklyn,Brooklyn
4549,2250,2.0,1,605,8,5.0,7,0,1,0,1,1,1,0,1,Crown Heights,Brooklyn
5281,3300,2.0,1,753,3,4.0,2,0,0,0,0,0,0,0,0,Williamsburg,Brooklyn
8657,3400,2.0,1,800,5,1.0,117,0,0,0,0,0,0,0,0,Fort Greene,Brooklyn
4868,2100,1.0,1,650,1,3.0,85,0,0,0,0,0,0,0,0,Greenpoint,Brooklyn
9060,3349,2.5,1,1000,3,1.0,106,1,0,0,0,0,0,0,0,Crown Heights,Brooklyn
10578,3900,2.0,2,900,3,2.0,116,1,0,0,0,0,0,0,0,Boerum Hill,Brooklyn
488,2800,3.0,1,1200,8,4.0,62,0,0,0,0,0,0,0,0,Greenpoint,Brooklyn
10772,3650,3.0,1,1500,3,2.0,110,0,0,0,0,0,0,0,0,Prospect Heights,Brooklyn
6144,2891,1.0,1,665,7,3.0,2,0,0,0,0,0,0,0,0,Williamsburg,Brooklyn
254,3500,2.0,2,900,5,4.0,8,1,0,0,0,0,0,0,0,Williamsburg,Brooklyn
9327,4200,2.0,2,1128,3,4.0,2,0,0,0,0,0,0,0,0,Williamsburg,Brooklyn
3322,2815,0.0,1,505,1,46.0,7,1,0,0,0,0,0,0,0,Downtown Brooklyn,Brooklyn
2881,3896,2.0,1,841,7,7.0,2,0,0,0,0,0,0,0,0,Williamsburg,Brooklyn
6263,2800,2.0,1,900,8,2.0,88,0,0,0,0,0,0,0,0,Williamsburg,Brooklyn
9553,2750,3.0,2,1500,7,3.0,11,0,0,0,0,0,0,0,0,Bedford-Stuyvesant,Brooklyn
4320,2900,1.0,1,662,1,22.0,9,0,0,1,1,0,1,1,1,Downtown Brooklyn,Brooklyn
5502,4100,2.5,2,1400,8,7.0,117,0,0,0,0,0,0,0,0,Greenpoint,Brooklyn
8991,2995,2.0,1,850,2,2.0,11,1,0,0,1,0,0,0,0,Bushwick,Brooklyn
3766,1650,1.5,1,750,7,2.0,88,0,0,0,0,0,0,0,0,Red Hook,Brooklyn
5726,3495,1.0,1,675,1,41.0,7,1,0,0,0,0,0,0,0,Downtown Brooklyn,Brooklyn
541,3950,2.0,2,986,2,21.0,6,0,1,0,1,1,1,0,1,Fort Greene,Brooklyn
9556,4000,3.0,1,1000,2,3.0,86,1,0,0,0,0,0,0,0,Prospect Heights,Brooklyn
8844,4995,2.0,2,1029,3,3.0,7,1,0,1,0,1,0,0,0,Williamsburg,Brooklyn
3376,3175,1.0,1,618,1,34.0,7,1,0,0,0,0,0,0,0,Downtown Brooklyn,Brooklyn
5417,3414,0.0,1,492,5,3.0,1,1,0,0,0,0,0,0,0,DUMBO,Brooklyn
5723,3500,2.0,1,850,2,1.0,106,1,0,0,0,0,0,0,0,Williamsburg,Brooklyn
7721,4250,2.0,1,1000,4,1.0,85,1,0,0,0,0,0,0,0,Williamsburg,Brooklyn
7367,2000,1.0,1,650,3,3.0,85,0,0,0,0,0,0,0,0,Bushwick,Brooklyn
6045,2850,3.0,2,1500,7,3.0,11,1,0,0,0,0,0,0,0,Bedford-Stuyvesant,Brooklyn
6626,2800,1.0,1,850,6,3.0,5,1,0,0,0,0,0,0,0,Williamsburg,Brooklyn
7408,3000,1.0,1,709,6,17.0,11,0,0,0,0,0,0,0,0,Downtown Brooklyn,Brooklyn
4363,1800,1.0,1,650,5,2.0,96,0,0,0,0,0,0,0,0,Windsor Terrace,Brooklyn
7315,2800,1.0,1,637,3,3.0,6,1,0,0,1,1,0,0,1,DUMBO,Brooklyn
10565,2675,0.0,1,700,1,3.0,106,1,0,0,0,0,0,0,0,Williamsburg,Brooklyn
9259,3100,1.0,1,950,2,1.0,7,1,0,0,0,0,0,0,0,Greenpoint,Brooklyn
9094,3000,2.0,1,800,6,5.0,111,1,0,0,0,0,0,0,0,Greenpoint,Brooklyn
1770,2300,0.0,1,510,13,2.0,116,1,0,0,0,0,0,0,0,Cobble Hill,Brooklyn
3733,2995,1.0,1,557,1,4.0,10,0,1,0,0,0,0,0,0,DUMBO,Brooklyn
9258,3758,2.0,1,875,8,4.0,4,1,0,0,0,0,0,0,0,Williamsburg,Brooklyn
10091,9000,2.0,4,3000,3,5.0,106,0,0,1,1,1,1,0,1,Williamsburg,Brooklyn
7231,2600,1.0,1,710,5,3.0,96,0,0,0,0,0,0,0,0,Park Slope,Brooklyn
9415,2850,0.0,1,602,5,8.0,6,0,0,0,0,0,0,0,0,Williamsburg,Brooklyn
4691,3100,1.0,1,750,2,3.0,52,0,0,1,0,0,1,0,0,Brooklyn Heights,Brooklyn
7828,4350,3.0,1,1100,2,2.0,106,1,0,0,0,0,0,0,0,Williamsburg,Brooklyn
7479,5250,2.0,2,1135,7,7.0,2,0,0,0,0,0,0,0,0,Williamsburg,Brooklyn
7433,2580,0.0,1,473,5,4.0,11,1,0,0,0,0,0,0,0,Downtown Brooklyn,Brooklyn
6295,1675,1.0,1,753,5,2.0,58,1,0,0,0,0,0,0,0,Gravesend,Brooklyn
4113,2600,1.0,1,582,4,3.0,12,0,1,0,1,1,0,0,1,Park Slope,Brooklyn
3328,3450,1.0,1,683,3,3.0,7,1,0,1,0,0,1,0,0,Williamsburg,Brooklyn
9460,2995,2.0,1,850,2,2.0,11,1,0,0,0,0,1,0,0,Bushwick,Brooklyn
1250,4024,1.0,1,836,6,2.0,106,1,0,0,0,0,0,0,0,DUMBO,Brooklyn
4395,4100,1.0,1,806,4,7.0,6,0,1,0,0,1,0,0,0,DUMBO,Brooklyn
7189,2850,2.0,1,750,4,1.0,116,0,0,0,0,0,0,0,0,Gowanus,Brooklyn
2108,4400,2.0,1,878,6,3.0,8,1,0,0,0,1,0,0,0,Williamsburg,Brooklyn
4543,3400,2.0,1,800,8,2.0,15,0,0,0,0,0,0,0,0,Williamsburg,Brooklyn
3713,2850,2.0,1,900,6,1.0,85,0,0,0,0,1,0,0,0,Park Slope,Brooklyn
7976,5995,2.0,2,1153,1,44.0,3,0,0,0,0,0,0,0,0,Downtown Brooklyn,Brooklyn
10297,5262,2.0,2,1188,8,1.0,3,1,0,0,0,0,0,0,0,Williamsburg,Brooklyn
8960,3950,3.0,2,1209,4,10.0,8,0,0,1,0,0,1,0,1,Greenwood,Brooklyn
5593,16000,3.0,3,2499,6,3.0,0,0,0,0,0,0,0,0,0,DUMBO,Brooklyn
914,6600,2.0,2,1218,0,5.0,116,0,0,0,0,0,0,0,0,Brooklyn Heights,Brooklyn
6867,2650,1.0,1,600,3,5.0,106,0,0,0,0,0,0,0,0,Williamsburg,Brooklyn
1891,5600,2.0,1,1494,6,3.0,106,1,1,0,1,1,1,0,0,DUMBO,Brooklyn
7427,3450,1.0,1,739,2,4.0,2,0,0,0,0,0,0,0,0,Williamsburg,Brooklyn
11198,2699,3.0,1,900,5,1.0,106,1,0,0,0,0,0,0,0,Bedford-Stuyvesant,Brooklyn
10028,3500,1.0,1,966,3,1.0,114,0,0,1,0,0,0,0,0,Prospect Heights,Brooklyn
3288,4300,2.0,2,1088,7,11.0,5,1,0,0,0,0,0,0,0,Carroll Gardens,Brooklyn
5183,2950,2.0,1,850,5,3.0,11,1,0,0,0,0,0,0,0,Greenpoint,Brooklyn
6432,2400,2.0,1,800,4,3.0,85,1,0,0,0,0,0,0,0,Bushwick,Brooklyn
7442,2118,1.0,1,550,9,4.0,111,0,0,0,0,0,0,0,0,Clinton Hill,Brooklyn
9453,2900,3.0,1,1162,2,23.0,52,0,0,0,1,1,1,1,1,Coney Island,Brooklyn
6938,3600,2.0,1,1000,7,2.0,106,0,0,0,0,0,0,0,0,Brooklyn Heights,Brooklyn
9551,3300,4.0,2,1000,8,2.0,85,1,0,0,0,0,0,0,0,Crown Heights,Brooklyn
1973,2499,3.0,1,1200,0,2.0,106,1,0,0,0,0,0,0,0,Bedford-Stuyvesant,Brooklyn
2238,3600,2.0,2,984,4,5.0,86,0,0,0,0,0,0,0,0,Bedford-Stuyvesant,Brooklyn
5858,2750,2.0,1,900,4,2.0,6,0,0,0,0,0,0,0,0,Williamsburg,Brooklyn
702,2500,1.0,1,500,2,1.0,49,1,0,0,0,0,0,0,0,Brooklyn Heights,Brooklyn
8391,2300,1.0,1,700,4,5.0,85,1,0,0,0,0,0,0,0,Williamsburg,Brooklyn
3190,3337,1.0,1,677,6,2.0,2,1,0,0,0,0,0,0,0,Williamsburg,Brooklyn
1462,2800,1.0,1,750,11,3.0,58,0,0,0,0,0,0,0,0,Clinton Hill,Brooklyn
2692,3050,1.0,1,670,3,7.0,2,1,0,0,0,0,0,0,0,Downtown Brooklyn,Brooklyn
9397,2720,0.0,1,503,1,27.0,7,1,0,0,0,0,0,0,0,Downtown Brooklyn,Brooklyn
1722,3595,1.0,1,730,1,17.0,5,1,0,0,0,0,0,0,0,Downtown Brooklyn,Brooklyn
1292,2500,2.0,1,900,3,4.0,96,0,0,0,0,0,0,0,0,Williamsburg,Brooklyn
8054,2940,1.0,1,700,7,2.0,2,1,0,0,0,0,0,0,0,Williamsburg,Brooklyn
10007,2550,1.5,1,750,8,4.0,95,1,0,0,0,0,0,0,0,Park Slope,Brooklyn
2602,3675,2.0,1,1000,3,1.0,111,1,0,1,0,1,1,0,0,Boerum Hill,Brooklyn
7789,3100,0.0,1,800,2,1.0,9,0,1,0,1,0,0,0,1,Williamsburg,Brooklyn
2715,3450,1.0,1,700,9,2.0,87,0,0,0,0,0,0,0,0,Williamsburg,Brooklyn
8178,5000,3.0,2,1000,3,1.0,88,0,0,0,0,0,0,0,0,Williamsburg,Brooklyn
4412,3117,1.0,1,740,8,1.0,116,0,0,0,0,0,0,0,0,Williamsburg,Brooklyn
7938,2600,2.0,1,725,5,3.0,66,1,0,0,0,0,0,0,0,Bushwick,Brooklyn
4568,2800,2.0,1,900,4,8.0,5,1,0,1,0,0,0,0,0,Ditmas Park,Brooklyn
5636,3050,1.0,1,689,2,6.0,90,1,0,0,0,0,0,0,0,Downtown Brooklyn,Brooklyn
1648,2200,2.0,1,900,2,4.0,86,1,0,0,0,0,0,0,0,Williamsburg,Brooklyn
6133,11500,4.0,3,3243,2,41.0,89,0,0,0,0,0,0,0,0,Fort Greene,Brooklyn
1255,2680,0.0,1,510,3,4.0,7,1,0,0,0,1,1,0,0,Williamsburg,Brooklyn
8147,3350,3.0,1,1200,3,3.0,86,1,0,0,0,0,0,0,0,Crown Heights,Brooklyn
6605,4500,4.5,2,2000,8,1.0,85,1,0,0,0,0,0,0,0,Bushwick,Brooklyn
11115,3100,2.5,1,950,7,3.0,96,0,0,0,0,0,0,0,0,Park Slope,Brooklyn
9867,3099,2.0,1,750,3,7.0,8,1,0,0,0,0,0,0,0,Williamsburg,Brooklyn
2780,4200,1.0,1,895,6,6.0,5,0,0,0,0,0,0,1,0,Williamsburg,Brooklyn
11208,2474,2.0,1,1267,2,4.0,52,1,0,0,0,0,0,0,0,Coney Island,Brooklyn
10420,8500,3.0,3,2500,4,1.0,7,0,1,0,1,1,0,0,1,Park Slope,Brooklyn
807,3650,1.0,1,662,3,7.0,16,1,0,0,0,0,0,0,0,DUMBO,Brooklyn
5129,1590,0.0,1,350,3,1.0,96,0,0,0,0,0,0,0,0,Williamsburg,Brooklyn
6855,1675,1.0,1,788,6,4.0,59,1,1,0,1,1,0,0,1,Gravesend,Brooklyn
10111,3595,1.0,1,932,7,2.0,11,0,0,0,1,1,1,0,1,Williamsburg,Brooklyn
4169,6426,2.0,2,963,5,3.0,1,1,0,0,0,0,0,0,0,DUMBO,Brooklyn
5638,2050,2.0,1,985,3,6.0,59,1,0,0,0,0,0,0,0,Gravesend,Brooklyn
8977,2150,0.0,1,687,1,3.0,11,1,0,0,0,0,0,0,0,Williamsburg,Brooklyn
7368,2745,2.0,1,800,3,2.0,116,1,0,0,0,0,1,0,0,Williamsburg,Brooklyn
4954,3500,1.0,1,1135,4,1.0,86,0,0,1,1,1,1,0,0,Bedford-Stuyvesant,Brooklyn
2331,5999,2.0,2,1110,5,17.0,8,1,0,0,0,0,0,0,0,Williamsburg,Brooklyn
9008,3300,1.0,1,781,2,4.0,10,1,0,0,1,1,0,0,0,Clinton Hill,Brooklyn
10584,2123,1.0,1,751,6,32.0,89,1,0,0,0,0,0,0,0,Flatbush,Brooklyn
11046,3500,2.0,1,900,9,2.0,131,0,0,0,0,0,0,0,0,Park Slope,Brooklyn
10338,2250,0.0,1,500,13,1.0,116,1,0,0,0,0,0,0,0,Cobble Hill,Brooklyn
560,3680,1.0,1,618,1,33.0,7,1,0,0,0,0,0,0,0,Downtown Brooklyn,Brooklyn
1252,2445,0.0,1,470,1,50.0,7,1,0,0,0,0,0,0,0,Downtown Brooklyn,Brooklyn
9892,5699,3.0,2,1232,2,6.0,10,1,0,0,0,0,0,0,0,Clinton Hill,Brooklyn
1455,5860,2.0,2,1072,3,1.0,116,1,0,0,0,0,0,0,0,DUMBO,Brooklyn
10432,2450,0.0,1,441,2,2.0,5,0,0,0,1,0,0,0,0,Williamsburg,Brooklyn
6457,1400,1.0,1,650,2,3.0,82,0,0,0,0,0,0,0,0,Flatbush,Brooklyn
2649,3170,1.0,1,590,1,21.0,17,1,0,0,0,0,0,0,0,Brooklyn Heights,Brooklyn
3150,3350,2.5,1,850,8,3.0,96,0,0,0,0,0,0,0,0,Park Slope,Brooklyn
8315,4650,2.0,2,1056,6,7.0,6,1,0,0,1,0,0,0,0,Williamsburg,Brooklyn
3315,1850,1.0,1,790,4,2.0,85,0,0,0,0,0,0,0,0,Ditmas Park,Brooklyn
10689,4495,2.0,1,1000,2,8.0,10,1,0,0,1,1,0,1,0,Carroll Gardens,Brooklyn
2986,3400,1.0,1,654,2,6.0,5,0,0,0,0,0,0,0,0,Williamsburg,Brooklyn
7234,1500,1.0,1,700,6,2.0,60,0,1,1,1,1,1,0,1,Ocean Parkway,Brooklyn
8553,5000,2.0,1,1006,8,6.0,3,1,0,0,0,0,0,0,0,Williamsburg,Brooklyn
10016,5295,3.0,1,1100,5,2.0,1,1,0,0,0,0,0,0,0,Williamsburg,Brooklyn
6609,4500,3.0,2,1000,2,3.0,106,1,0,0,0,0,0,0,0,Williamsburg,Brooklyn
3228,1900,2.0,1,700,5,1.0,106,1,0,0,0,0,0,0,0,Crown Heights,Brooklyn
1562,1800,1.0,1,650,13,2.0,117,0,0,0,0,0,0,0,0,Fort Greene,Brooklyn
5296,4100,1.0,1,878,1,2.0,4,1,0,0,0,1,0,0,0,Williamsburg,Brooklyn
939,2000,0.0,1,450,43,2.0,107,1,0,0,0,0,0,0,0,Bushwick,Brooklyn
6593,3465,0.0,1,785,8,6.0,106,1,0,0,0,0,0,0,0,Williamsburg,Brooklyn
4262,2195,0.0,1,900,3,4.0,85,0,0,0,0,0,0,0,0,Boerum Hill,Brooklyn
3727,2650,0.0,1,490,5,17.0,8,0,1,0,1,1,0,0,0,Williamsburg,Brooklyn
8950,1695,1.0,1,798,4,1.0,59,1,0,0,0,0,0,0,0,Gravesend,Brooklyn
8171,3700,2.0,1,990,6,1.0,5,0,0,0,0,0,0,0,0,Bedford-Stuyvesant,Brooklyn
8047,4000,2.0,1,1566,9,2.0,91,0,0,0,0,0,0,0,0,Fort Greene,Brooklyn
4529,2850,2.0,1,800,7,2.0,96,1,0,0,0,0,0,0,0,Park Slope,Brooklyn
9356,3400,3.0,2,1500,4,1.0,85,1,0,0,0,0,0,0,0,Bushwick,Brooklyn
10768,1850,0.0,1,700,2,3.0,106,0,0,0,0,0,0,0,0,Crown Heights,Brooklyn
4653,7250,3.0,2,1613,0,4.0,5,0,1,1,0,0,0,0,0,Carroll Gardens,Brooklyn
6164,2891,1.0,1,604,7,3.0,2,0,0,0,0,0,0,0,0,Williamsburg,Brooklyn
2579,4190,2.0,2,976,1,8.0,7,1,0,0,0,0,0,0,0,Downtown Brooklyn,Brooklyn
8483,3300,2.5,1,900,8,4.0,143,0,0,0,0,0,0,0,0,Fort Greene,Brooklyn
7791,1995,1.0,1,600,3,3.0,115,0,0,0,0,0,0,0,0,Greenwood,Brooklyn
10746,5100,4.0,2,1300,4,2.0,85,1,0,0,0,0,0,0,0,Williamsburg,Brooklyn
2117,2550,2.0,1,900,7,1.0,88,0,0,0,0,0,0,0,0,Greenpoint,Brooklyn
6293,1275,0.0,1,490,4,7.0,56,1,0,0,0,0,0,0,0,Gravesend,Brooklyn
1649,3225,0.0,1,490,5,7.0,11,1,0,0,0,0,0,0,0,Downtown Brooklyn,Brooklyn
9174,2600,1.0,1,900,6,1.0,117,0,0,0,0,0,0,0,0,Carroll Gardens,Brooklyn
9883,3800,3.0,1,1250,3,2.0,117,0,0,0,0,0,0,0,0,Park Slope,Brooklyn
4943,3295,2.0,2,1000,9,1.0,106,1,0,0,0,0,0,0,0,Williamsburg,Brooklyn
6011,3750,2.0,2,1060,3,4.0,6,0,0,0,0,0,0,0,0,Bushwick,Brooklyn
2786,2600,2.0,1,700,8,2.0,86,1,0,0,0,0,0,0,0,Greenpoint,Brooklyn
6993,2395,3.0,1,950,4,1.0,109,0,0,0,0,0,0,0,0,Bushwick,Brooklyn
3410,4500,2.0,2,1042,1,43.0,3,1,0,0,0,0,0,0,0,Downtown Brooklyn,Brooklyn
3331,3200,2.0,1,1000,4,2.0,106,0,0,0,0,0,0,0,0,Williamsburg,Brooklyn
9385,1695,1.0,1,719,7,6.0,56,1,0,0,0,0,0,0,0,Brighton Beach,Brooklyn
9648,4325,2.0,2,1130,2,2.0,6,1,0,0,0,0,0,0,0,Williamsburg,Brooklyn
7901,2400,2.0,1,1200,18,2.0,106,0,0,0,0,0,0,0,0,Williamsburg,Brooklyn
2696,1700,0.0,1,450,2,2.0,77,0,0,1,0,1,0,0,0,Windsor Terrace,Brooklyn
3243,1846,2.0,1,900,5,1.0,106,1,0,0,0,0,0,0,0,Crown Heights,Brooklyn
5715,2395,3.0,1,950,4,1.0,109,0,0,0,0,0,0,0,0,Bushwick,Brooklyn
3846,2700,1.0,1,617,5,4.0,8,1,0,0,0,0,0,0,0,Williamsburg,Brooklyn
5680,3300,2.0,1,900,6,2.0,96,0,0,0,0,0,0,0,0,Park Slope,Brooklyn
1063,2251,2.0,1,900,5,3.0,55,0,0,0,0,0,0,0,0,Kensington,Brooklyn
1698,4200,1.0,1,925,4,2.0,106,0,0,0,0,1,1,0,0,Williamsburg,Brooklyn
7169,2675,2.0,1,1000,5,5.0,8,1,0,0,0,0,0,0,0,Bushwick,Brooklyn
6278,4000,3.0,1,1000,4,2.0,8,1,0,0,0,0,0,0,0,Williamsburg,Brooklyn
1021,3029,1.0,1,655,7,3.0,2,0,0,0,0,0,0,0,0,Williamsburg,Brooklyn
8199,2500,3.0,1,1000,1,1.0,76,0,0,0,0,0,0,0,0,Sunset Park,Brooklyn
6742,3138,0.0,1,440,5,8.0,1,1,0,0,0,0,0,0,0,DUMBO,Brooklyn
2688,3250,1.0,1,680,3,5.0,116,1,0,0,0,0,0,0,0,Downtown Brooklyn,Brooklyn
5318,3700,4.0,1,1000,4,2.0,106,0,0,0,0,0,0,0,0,Williamsburg,Brooklyn
4982,5900,3.0,2,1248,8,5.0,3,1,0,0,0,0,0,0,0,Williamsburg,Brooklyn
1523,6650,4.0,2,1501,3,6.0,2,0,0,0,0,0,0,0,0,Williamsburg,Brooklyn
4869,2500,2.0,1,800,6,3.0,88,0,0,0,0,0,0,0,0,Greenpoint,Brooklyn
9373,1450,1.0,1,700,12,5.0,78,0,0,0,0,0,0,0,0,East Flatbush,Brooklyn
6854,1375,0.0,1,552,6,4.0,59,1,0,0,0,0,0,0,0,Gravesend,Brooklyn
10929,4300,2.0,2,915,2,3.0,5,0,0,0,0,0,0,0,0,Williamsburg,Brooklyn
60,4800,2.0,2,1100,7,10.0,5,1,1,0,0,0,0,0,0,Carroll Gardens,Brooklyn
7549,2100,2.0,1,1095,13,6.0,55,1,0,0,0,0,0,0,0,Sheepshead Bay,Brooklyn
10532,1875,0.0,1,500,7,1.0,116,0,0,0,0,0,0,0,0,Carroll Gardens,Brooklyn
2003,3099,3.0,2,1000,3,2.0,85,1,0,0,0,0,0,0,0,Bushwick,Brooklyn
4431,3942,2.0,2,1154,10,9.0,6,1,0,0,0,0,0,0,0,Clinton Hill,Brooklyn
187,2765,1.0,1,405,4,5.0,106,1,0,0,0,0,0,0,0,Williamsburg,Brooklyn
9964,2400,0.0,1,492,2,2.0,5,0,0,0,0,0,0,0,0,Williamsburg,Brooklyn
10657,2400,2.0,1,700,3,1.0,85,0,0,0,0,0,0,0,0,Windsor Terrace,Brooklyn
3900,3080,1.0,1,590,1,11.0,17,1,0,0,0,0,0,0,0,Brooklyn Heights,Brooklyn
9754,2500,1.5,1,800,9,4.0,116,0,0,0,0,0,0,0,0,Boerum Hill,Brooklyn
10112,1795,1.0,1,900,8,6.0,78,1,0,0,0,0,0,0,0,Brighton Beach,Brooklyn
6617,2395,3.0,1,950,4,3.0,109,1,0,0,0,0,0,0,0,Bushwick,Brooklyn
113,4595,2.0,2,900,1,44.0,7,1,0,0,0,0,0,0,0,Downtown Brooklyn,Brooklyn
8034,1795,1.5,1,850,4,2.0,111,1,0,0,0,0,0,0,0,Bedford-Stuyvesant,Brooklyn
9056,3000,2.0,1,1000,6,4.0,111,0,0,0,0,0,0,0,0,Clinton Hill,Brooklyn
7842,2585,0.0,1,408,1,12.0,5,1,0,0,0,0,0,0,0,Downtown Brooklyn,Brooklyn
525,3495,1.0,1,620,6,2.0,2,1,0,0,0,0,0,0,0,Williamsburg,Brooklyn
754,2695,2.0,1,900,4,2.0,3,1,0,0,0,0,0,0,0,Williamsburg,Brooklyn
6031,3200,1.0,1,850,3,4.0,96,0,1,1,1,1,1,1,1,Fort Greene,Brooklyn
4432,1875,2.0,1,930,6,4.0,57,1,0,0,0,0,0,0,0,Brighton Beach,Brooklyn
2080,3100,1.0,1,664,9,8.0,4,1,0,0,0,0,0,0,0,Williamsburg,Brooklyn
2720,2930,1.0,1,618,1,9.0,7,1,0,0,0,0,0,0,0,Downtown Brooklyn,Brooklyn
5866,4250,2.0,2,976,7,3.0,8,0,0,0,1,1,1,0,1,Greenpoint,Brooklyn
9271,3100,1.0,1,675,2,2.0,7,1,0,0,0,0,0,0,0,Greenpoint,Brooklyn
6913,1400,1.0,1,650,2,2.0,85,0,0,0,0,0,0,0,0,Flatbush,Brooklyn
4880,1650,0.0,1,250,2,10.0,86,0,0,0,0,0,0,0,0,Clinton Hill,Brooklyn
1644,3000,3.0,2,1150,11,1.0,12,1,0,0,0,0,0,0,0,Bedford-Stuyvesant,Brooklyn
11204,2383,2.0,1,1130,2,3.0,52,1,0,0,0,0,0,0,0,Coney Island,Brooklyn
10585,2769,3.0,1,1438,6,22.0,89,1,0,0,0,0,0,0,0,Flatbush,Brooklyn
11195,2764,1.0,1,648,3,7.0,0,1,0,0,0,0,0,0,0,Prospect Park South,Brooklyn
1185,2550,2.0,1,850,4,2.0,88,0,0,0,0,0,0,0,0,Williamsburg,Brooklyn
11054,2658,0.0,1,618,3,7.0,2,0,0,0,0,0,0,0,0,Williamsburg,Brooklyn
5446,4200,2.0,2,955,9,5.0,16,0,0,0,1,1,0,0,0,Park Slope,Brooklyn
7866,2800,3.0,1,2500,4,6.0,53,0,0,0,1,1,0,0,0,Ocean Parkway,Brooklyn
6036,1800,2.0,2,1000,3,2.0,111,1,0,0,0,0,0,0,0,East New York,Brooklyn
2865,2735,2.0,1,890,2,5.0,9,1,0,1,1,1,0,0,0,Bushwick,Brooklyn
6283,2800,1.0,1,700,6,2.0,5,0,0,0,0,0,0,0,0,Crown Heights,Brooklyn
3438,1850,1.0,1,650,7,2.0,96,0,0,0,0,0,0,0,0,Williamsburg,Brooklyn
213,3200,3.0,1,1150,6,3.0,111,1,0,0,0,0,0,0,0,Crown Heights,Brooklyn
3180,2975,0.0,1,1000,7,3.0,79,0,0,0,0,0,0,0,0,Bedford-Stuyvesant,Brooklyn
5559,1846,0.0,1,558,3,4.0,76,1,0,0,0,0,0,0,0,Flatbush,Brooklyn
4185,3850,2.0,1,753,3,4.0,109,1,0,0,0,0,0,0,0,Williamsburg,Brooklyn
6992,4350,3.0,1,950,2,2.0,106,1,0,0,0,0,0,0,0,Williamsburg,Brooklyn
433,3050,4.0,2,1000,6,2.0,81,0,0,0,0,0,0,0,0,Flatbush,Brooklyn
1785,4900,2.0,2,1071,4,4.0,2,1,0,0,0,0,0,0,0,Williamsburg,Brooklyn
6308,2600,2.0,1,850,2,4.0,86,0,0,0,0,0,0,0,0,Williamsburg,Brooklyn
3461,3100,1.0,2,948,4,2.0,12,0,0,0,1,0,0,0,0,Williamsburg,Brooklyn
2258,2850,3.0,1,1000,3,4.0,116,1,0,0,0,0,0,0,0,Bedford-Stuyvesant,Brooklyn
6289,2450,2.0,2,1156,3,4.0,57,1,0,0,0,0,0,0,0,Sunset Park,Brooklyn
6578,6850,3.0,2,1691,7,8.0,100,0,0,0,1,0,0,1,0,Williamsburg,Brooklyn
8411,2000,2.0,1,1000,2,2.0,106,0,0,0,0,0,0,0,0,Crown Heights,Brooklyn
7174,1550,1.0,1,682,4,3.0,96,1,0,0,0,0,0,0,0,Crown Heights,Brooklyn
10280,2200,1.0,1,700,4,1.0,106,0,0,0,0,0,0,0,0,Williamsburg,Brooklyn
3052,3500,0.0,1,1200,7,6.0,79,0,0,0,0,0,0,0,0,Bedford-Stuyvesant,Brooklyn
3434,4000,0.0,1,1100,6,3.0,88,0,0,0,1,1,0,0,1,Brooklyn Heights,Brooklyn
5785,4600,2.0,2,1463,4,1.0,8,0,0,0,0,0,0,0,0,Boerum Hill,Brooklyn
8832,4350,2.0,2,2200,43,1.0,10,0,0,0,0,0,0,0,0,Bedford-Stuyvesant,Brooklyn
5970,2999,2.0,1,750,3,2.0,8,1,0,0,0,0,0,0,0,Williamsburg,Brooklyn
6281,2400,1.0,1,800,1,7.0,70,0,1,0,1,1,1,0,1,Clinton Hill,Brooklyn
4084,3000,1.0,1,600,0,4.0,96,0,0,0,0,0,0,0,0,Boerum Hill,Brooklyn
8477,1925,1.0,1,860,2,1.0,12,1,0,0,0,0,0,0,0,Bedford-Stuyvesant,Brooklyn
7214,2400,1.0,1,850,9,4.0,96,0,0,0,0,0,0,0,0,Carroll Gardens,Brooklyn
9735,2700,2.0,1,1000,4,5.0,4,0,0,0,0,0,0,0,0,Greenpoint,Brooklyn
3647,4395,2.0,2,977,1,16.0,5,1,0,0,0,0,0,0,0,Downtown Brooklyn,Brooklyn
6618,2995,2.0,1,850,2,2.0,11,1,0,0,0,0,1,0,0,Bushwick,Brooklyn
10132,3295,2.0,1,950,2,1.0,106,1,0,0,0,0,0,0,0,Williamsburg,Brooklyn
7467,2200,1.0,1,400,6,4.0,96,0,0,0,1,0,0,0,0,Park Slope,Brooklyn
5862,4395,4.0,3,1200,5,1.0,85,1,0,0,0,0,0,0,0,Bedford-Stuyvesant,Brooklyn
159,3595,1.0,1,822,1,6.0,5,1,0,0,0,0,0,0,0,Downtown Brooklyn,Brooklyn
4454,2700,1.0,1,680,8,2.0,9,0,0,0,0,0,0,0,0,Greenpoint,Brooklyn
6991,2995,2.0,1,850,2,2.0,11,1,0,0,0,0,1,0,0,Bushwick,Brooklyn
3760,3700,2.0,2,1186,9,4.0,8,0,0,0,0,0,0,1,0,Clinton Hill,Brooklyn
6309,5900,3.0,2,1248,8,5.0,3,1,0,0,0,0,0,0,0,Williamsburg,Brooklyn
10792,3550,2.0,2,1100,13,3.0,116,1,0,0,0,0,0,0,0,Cobble Hill,Brooklyn
8836,3241,1.0,1,672,6,1.0,2,1,0,0,0,0,0,0,0,Williamsburg,Brooklyn
27,2600,1.0,1,800,2,2.0,88,0,0,0,0,0,0,0,0,Park Slope,Brooklyn
8917,2999,2.0,1,750,3,2.0,8,1,0,0,0,0,0,0,0,Williamsburg,Brooklyn
900,3250,3.0,1,749,4,2.0,85,0,0,0,0,0,0,0,0,Gowanus,Brooklyn
6735,4500,2.0,2,1028,10,4.0,10,0,0,1,0,1,0,0,1,Prospect Heights,Brooklyn
9699,1995,2.0,1,900,7,2.0,85,0,0,0,0,0,0,0,0,Bushwick,Brooklyn
5287,2100,0.0,1,425,4,3.0,96,0,0,0,0,0,0,0,0,Fort Greene,Brooklyn
10175,3895,4.0,1,1100,4,2.0,106,1,1,1,1,0,0,0,0,Crown Heights,Brooklyn
6291,1625,0.0,1,456,6,4.0,54,1,0,0,0,0,0,0,0,Windsor Terrace,Brooklyn
1906,3000,2.0,1,750,4,2.0,14,0,0,0,0,0,0,0,0,DUMBO,Brooklyn
6253,1475,0.0,1,600,6,2.0,56,0,0,0,0,0,0,0,0,Bay Ridge,Brooklyn
2458,2700,3.0,1,900,5,1.0,106,1,0,0,0,0,0,0,0,Bedford-Stuyvesant,Brooklyn
11201,4025,2.0,2,1050,3,5.0,2,0,0,0,0,0,0,0,0,Williamsburg,Brooklyn
6163,3850,2.0,2,1026,3,6.0,2,0,0,0,0,0,0,0,0,Williamsburg,Brooklyn
10607,4190,1.0,1,621,5,3.0,1,1,0,0,0,0,0,0,0,DUMBO,Brooklyn
5107,4200,2.0,2,1062,2,3.0,10,0,0,1,0,0,1,1,0,Boerum Hill,Brooklyn
9305,2500,1.0,1,760,7,3.0,7,1,1,0,1,1,1,0,0,Bedford-Stuyvesant,Brooklyn
10365,2480,0.0,1,402,1,33.0,7,1,0,0,0,0,0,0,0,Downtown Brooklyn,Brooklyn
4140,2875,0.0,1,508,10,8.0,116,0,0,0,0,0,0,0,0,Williamsburg,Brooklyn
713,2150,3.0,1,1000,3,3.0,106,1,0,0,1,1,1,0,0,Bedford-Stuyvesant,Brooklyn
5411,3899,0.0,1,1040,3,2.0,85,1,0,0,0,0,0,0,0,Williamsburg,Brooklyn
6611,3500,2.0,1,850,2,1.0,106,1,0,0,0,0,0,0,0,Williamsburg,Brooklyn
11068,2500,2.0,1,800,3,3.0,86,0,0,0,0,0,0,0,0,Greenwood,Brooklyn
3521,1850,1.0,1,600,2,2.0,96,0,0,0,0,0,0,0,0,Williamsburg,Brooklyn
6741,3270,0.0,1,470,5,2.0,85,1,0,0,0,0,0,0,0,Cobble Hill,Brooklyn
1766,3100,1.0,1,709,6,31.0,11,0,0,0,1,1,0,0,0,Downtown Brooklyn,Brooklyn
7641,3300,0.0,1,1000,11,3.0,116,0,0,0,0,0,0,0,0,Williamsburg,Brooklyn
6960,2635,1.0,1,550,9,7.0,86,0,0,0,0,0,0,0,0,Greenpoint,Brooklyn
6434,4500,3.0,2,1500,6,3.0,5,0,0,0,0,0,0,0,0,Downtown Brooklyn,Brooklyn
6059,2250,1.0,1,650,9,5.0,111,0,0,0,0,0,0,0,0,Clinton Hill,Brooklyn
10622,3375,2.0,1,1200,3,1.0,11,1,0,0,0,0,0,0,0,Williamsburg,Brooklyn
4729,3350,1.0,1,719,4,3.0,9,1,0,0,1,1,0,0,0,Williamsburg,Brooklyn
1180,3195,1.0,1,801,1,12.0,10,0,0,1,1,1,0,0,1,DUMBO,Brooklyn
1280,3184,3.0,2,900,1,4.0,117,1,0,0,0,0,0,0,0,Bushwick,Brooklyn
592,3099,0.0,1,710,3,4.0,85,1,0,0,0,0,0,0,0,Williamsburg,Brooklyn
9244,6923,3.0,2,1274,8,6.0,3,1,0,0,0,0,0,0,0,Williamsburg,Brooklyn
8228,4595,2.0,2,1051,1,11.0,5,1,0,0,0,0,0,0,0,Downtown Brooklyn,Brooklyn
5854,2300,2.0,1,750,7,4.0,88,0,0,0,0,0,0,0,0,Greenpoint,Brooklyn
2486,2660,0.0,1,496,4,26.0,7,1,0,0,0,0,0,0,0,Downtown Brooklyn,Brooklyn
3118,2100,0.0,1,375,3,4.0,174,0,0,0,0,0,0,0,0,Brooklyn Heights,Brooklyn
9441,3950,2.0,1,1150,5,3.0,116,1,0,0,0,0,0,0,0,Williamsburg,Brooklyn
10180,2250,2.0,1,900,5,3.0,109,1,0,0,0,0,0,0,0,Bedford-Stuyvesant,Brooklyn
1424,3300,1.0,1,938,3,7.0,2,0,0,0,0,0,0,0,0,Williamsburg,Brooklyn
6699,1850,1.0,1,700,7,7.0,54,0,0,0,0,0,0,0,0,Prospect Lefferts Gardens,Brooklyn
5066,4600,2.0,2,1169,1,4.0,10,1,1,0,1,1,1,0,1,DUMBO,Brooklyn
7699,3000,1.0,1,670,5,6.0,96,1,0,0,0,0,0,0,0,Downtown Brooklyn,Brooklyn
3394,3800,2.0,1,1000,7,2.0,95,0,0,0,0,0,0,0,0,Park Slope,Brooklyn
3747,4700,3.0,2,1600,4,1.0,85,0,0,0,0,0,0,0,0,Prospect Heights,Brooklyn
7725,1750,1.0,1,780,8,2.0,115,0,0,0,0,0,0,0,0,Brighton Beach,Brooklyn
1264,4150,0.0,1,885,3,4.0,85,1,0,0,0,0,0,0,0,Williamsburg,Brooklyn
2000,2300,1.0,1,800,4,2.0,106,1,0,0,0,0,0,0,0,Williamsburg,Brooklyn
8086,2300,2.0,1,750,3,1.0,85,0,0,0,0,0,0,0,0,Bushwick,Brooklyn
9905,1600,0.0,1,500,5,1.0,115,0,0,0,0,0,0,0,0,Park Slope,Brooklyn
5620,1850,1.0,1,700,6,2.0,96,1,0,0,0,0,0,0,0,Williamsburg,Brooklyn
8992,4095,2.0,1,900,2,68.0,8,0,0,0,0,0,0,0,0,Williamsburg,Brooklyn
4212,2750,1.0,1,698,12,4.0,9,1,0,0,0,1,0,0,0,Clinton Hill,Brooklyn
3904,16000,2.0,3,2592,5,9.0,100,0,1,0,0,0,1,1,1,DUMBO,Brooklyn
6004,1900,1.0,1,800,2,3.0,105,1,0,0,0,0,0,0,0,Bushwick,Brooklyn
1062,4000,2.0,1,950,1,3.0,115,0,0,0,0,0,0,0,0,Park Slope,Brooklyn
2067,2850,1.0,1,800,12,3.0,9,0,0,0,0,0,0,0,0,Clinton Hill,Brooklyn
9700,1795,2.0,1,750,5,1.0,85,0,0,0,0,0,0,0,0,Bushwick,Brooklyn
9740,2580,0.0,1,469,1,19.0,7,1,0,0,0,0,0,0,0,Downtown Brooklyn,Brooklyn
6076,3500,4.0,2,1500,7,2.0,86,1,0,0,0,0,0,0,0,Bushwick,Brooklyn
3985,5300,2.0,2,1318,6,14.0,13,1,0,0,0,1,0,0,0,Williamsburg,Brooklyn
1329,3815,1.0,1,750,1,17.0,5,0,0,0,0,0,0,0,0,Downtown Brooklyn,Brooklyn
4163,1700,1.0,1,367,4,3.0,106,0,0,0,0,0,0,0,0,Bedford-Stuyvesant,Brooklyn
4703,2800,1.0,1,735,1,2.0,96,0,0,0,1,0,0,0,0,Park Slope,Brooklyn
10561,3900,2.0,2,1000,1,5.0,106,1,0,0,0,0,0,0,0,Williamsburg,Brooklyn
6440,3750,2.0,1,1400,1,2.0,117,0,0,0,0,0,0,0,0,Boerum Hill,Brooklyn
3433,3700,2.0,2,848,7,2.0,66,1,0,0,0,0,0,0,0,Crown Heights,Brooklyn
7329,2300,1.0,1,900,5,2.0,88,0,0,0,0,0,0,0,0,Greenpoint,Brooklyn
10286,3750,3.0,2,1531,1,1.0,10,0,0,1,1,1,1,0,0,Crown Heights,Brooklyn
9169,4000,2.0,1,1080,5,1.0,117,0,0,0,0,0,0,0,0,Williamsburg,Brooklyn
1721,4200,2.0,2,977,1,5.0,5,1,0,0,0,0,0,0,0,Downtown Brooklyn,Brooklyn
1676,18000,3.0,2,2470,3,5.0,116,0,1,1,1,1,1,0,1,DUMBO,Brooklyn
