00a9dd17-36c8-430c-9d76-df49d4197dcf,8,Women's Styles,Lucy,Jet Black,150
00e15fe0-c86f-4818-9c63-3422211baa97,7,Women's Styles,Lucy,Elderflower Crystal,150
017506f7-aba1-4b9d-8b7b-f4426e71b8ca,4,Men's Styles,Dawes,Jet Black,150
0176bfb3-9c51-4b1c-b593-87edab3c54cb,10,Women's Styles,Eugene Narrow,Rosewood Tortoise,95
01fdf106-f73c-4d3f-a036-2f3e2ab1ce06,8,Women's Styles,Lucy,Jet Black,150
021901a5-74ee-482d-9f03-0089d17ff7d6,3,Men's Styles,Dawes,Driftwood Fade,150
026e11d9-926c-4206-af7c-273e3ee6ad7f,2,Men's Styles,Brady,Sea Glass Gray,95
028b47b0-e075-4b2c-bcf3-f963d8089449,10,Women's Styles,Eugene Narrow,Rosewood Tortoise,95
029e417e-a0b5-4ec7-9190-a852016619d9,5,Men's Styles,Monocle,Endangered Tortoise,50
02bd0f5a-3f04-4902-b005-82188b07785f,7,Women's Styles,Lucy,Elderflower Crystal,150
030ae7ed-a34e-42ac-a88f-93996455d315,10,Women's Styles,Eugene Narrow,Rosewood Tortoise,95
031e61fc-7d7a-49e7-80ac-00bbdd98f40b,10,Women's Styles,Eugene Narrow,Rosewood Tortoise,95
038c1b89-19ea-4fd8-9b7a-21e337a88de4,4,Men's Styles,Dawes,Jet Black,150
03c6176f-d770-407b-b9cf-24ea046fb01d,3,Men's Styles,Dawes,Driftwood Fade,150
03d9a07f-91df-469a-a459-b36f66258f00,1,Men's Styles,Brady,Layered Tortoise Matte,95
03dfcb44-819d-4329-9924-a4cafc834af0,7,Women's Styles,Lucy,Elderflower Crystal,150
05dc640b-5112-41b0-8169-6d957a93f779,1,Men's Styles,Brady,Layered Tortoise Matte,95
0637ca12-61f3-45f1-95e9-4e1a860c1555,5,Men's Styles,Monocle,Endangered Tortoise,50
07d80a67-b73a-40a6-88bc-8f30e4eae3b2,7,Women's Styles,Lucy,Elderflower Crystal,150
08597fb8-3c68-4291-9e15-55ba0b06546d,10,Women's Styles,Eugene Narrow,Rosewood Tortoise,95
086c23cf-524d-44a4-9c8b-09eb6cf59815,9,Women's Styles,Eugene Narrow,Rose Crystal,95
0878bd66-657d-426b-a63f-19e0d8ef1b5b,3,Men's Styles,Dawes,Driftwood Fade,150
09191a2a-25ae-47f9-a553-2b5b6523b16e,4,Men's Styles,Dawes,Jet Black,150
0996d551-f7db-4f7d-b6e6-98d67455b43d,1,Men's Styles,Brady,Layered Tortoise Matte,95
099ffabf-e832-412f-9a23-cc480b7147d5,5,Men's Styles,Monocle,Endangered Tortoise,50
09aceef1-70b2-4d01-b95a-ab89c42595a1,6,Women's Styles,Olive,Pearled Tortoise,95
0a22fb65-63de-4381-9da7-057e1ec8c5c3,4,Men's Styles,Dawes,Jet Black,150
0b7fa3f8-e5ae-4bf6-b967-84b510e13452,1,Men's Styles,Brady,Layered Tortoise Matte,95
0bd5ab3d-a4c9-4cdb-a2ef-ef3d2c5e2db0,7,Women's Styles,Lucy,Elderflower Crystal,150
0c499b11-e4f5-4c2b-87d3-7d94aabeb984,10,Women's Styles,Eugene Narrow,Rosewood Tortoise,95
0c507d49-2f39-47e8-bc21-839ccdce00f0,3,Men's Styles,Dawes,Driftwood Fade,150
0c550865-0828-42e9-bd48-a37cdee31843,3,Men's Styles,Dawes,Driftwood Fade,150
0caaed80-644a-4e08-bf8d-bcd6ff02d1fa,8,Women's Styles,Lucy,Jet Black,150
0cd6a1a2-8f99-4303-81fd-69f31478ef09,1,Men's Styles,Brady,Layered Tortoise Matte,95
0cde6b89-37f3-4c37-83a6-58afc61ef430,9,Women's Styles,Eugene Narrow,Rose Crystal,95
0ce62486-89ce-47eb-b797-f3617a27b9db,3,Men's Styles,Dawes,Driftwood Fade,150
0d403af1-59fd-48bc-8e97-5a6835c4bb78,5,Men's Styles,Monocle,Endangered Tortoise,50
0d478fcc-c7d0-4e1a-aada-7a991407eb6f,9,Women's Styles,Eugene Narrow,Rose Crystal,95
0da45873-8ec1-4ede-9962-c82c11bf9f33,9,Women's Styles,Eugene Narrow,Rose Crystal,95
0f793baf-833f-49c8-a501-fcda2f355583,1,Men's Styles,Brady,Layered Tortoise Matte,95
0fca3d2f-a32a-44b7-8eef-a64afa0a6c83,6,Women's Styles,Olive,Pearled Tortoise,95
102db10a-e5ad-4072-b015-bea66de78de9,6,Women's Styles,Olive,Pearled Tortoise,95
1087709c-e97e-45ba-bc06-c907de40bec1,1,Men's Styles,Brady,Layered Tortoise Matte,95
1089f689-2333-48e7-bfb6-01890bf0ceff,5,Men's Styles,Monocle,Endangered Tortoise,50
1123ee05-c04a-454d-9161-a53d427f908b,5,Men's Styles,Monocle,Endangered Tortoise,50
1139a085-c06a-4292-af6f-1a7e8c9c0ab3,6,Women's Styles,Olive,Pearled Tortoise,95
11a96484-df2e-46f5-8a76-7b6e6f91d3c8,5,Men's Styles,Monocle,Endangered Tortoise,50
12a5989c-6570-4ae3-8ed2-a7cb5ea9a401,1,Men's Styles,Brady,Layered Tortoise Matte,95
140deb2a-f822-4b67-b5c8-db30daaba807,8,Women's Styles,Lucy,Jet Black,150
146346a1-e75a-4fbe-a86b-67a968cf9f61,1,Men's Styles,Brady,Layered Tortoise Matte,95
15b1503c-b3cb-4c35-88c3-3ae82f725d17,9,Women's Styles,Eugene Narrow,Rose Crystal,95
16560039-dac8-4ea4-871c-caf79ff02ca9,9,Women's Styles,Eugene Narrow,Rose Crystal,95
16992cd8-b9e8-4c0a-afe7-207d85986175,7,Women's Styles,Lucy,Elderflower Crystal,150
17b13eac-ed79-459e-b4de-89073f5f4941,9,Women's Styles,Eugene Narrow,Rose Crystal,95
17c1bb3c-fd86-47e7-a914-7e85ef909747,3,Men's Styles,Dawes,Driftwood Fade,150
17d1f309-3336-457b-8652-7e280925d6d9,10,Women's Styles,Eugene Narrow,Rosewood Tortoise,95
17e28e55-0d8a-4c23-af77-903d94888d88,10,Women's Styles,Eugene Narrow,Rosewood Tortoise,95
1867ccfe-7e55-43cb-ac5b-d545b21fd334,10,Women's Styles,Eugene Narrow,Rosewood Tortoise,95
18a749f7-0d5b-4a7e-9786-8d67dd110ba5,3,Men's Styles,Dawes,Driftwood Fade,150
18ce5a4a-e47a-4f89-a0ba-a9c827fa9e91,4,Men's Styles,Dawes,Jet Black,150
18fa2ca5-9f84-4933-ab27-822ddaf4d75a,3,Men's Styles,Dawes,Driftwood Fade,150
191825f0-b4d5-49c1-ac99-0f952f61ddb1,4,Men's Styles,Dawes,Jet Black,150
19551ac3-c451-4044-bee7-4bb9c589b4b1,3,Men's Styles,Dawes,Driftwood Fade,150
19c1ac7c-5475-4782-9157-db01edbafcbb,10,Women's Styles,Eugene Narrow,Rosewood Tortoise,95
1a0ee7db-5ab8-429f-9f30-d56e3389b88f,4,Men's Styles,Dawes,Jet Black,150
1a0efe31-3d51-4c3f-ba3c-dbadef431651,10,Women's Styles,Eugene Narrow,Rosewood Tortoise,95
1b327682-7251-4606-9002-9801b53f384f,10,Women's Styles,Eugene Narrow,Rosewood Tortoise,95
1c984407-1ee3-4add-991d-81a3fe8df8df,5,Men's Styles,Monocle,Endangered Tortoise,50
1cd27840-5cd6-4d9d-86d4-ec0a254b1ec9,10,Women's Styles,Eugene Narrow,Rosewood Tortoise,95
1d384224-6e3c-481e-a752-635d163fd1fd,4,Men's Styles,Dawes,Jet Black,150
1f1442d1-8217-4a1e-97cc-c11c8def9398,10,Women's Styles,Eugene Narrow,Rosewood Tortoise,95
1fb7807d-21c5-40db-9632-58fea147adad,2,Men's Styles,Brady,Sea Glass Gray,95
20773fec-7bee-4364-9132-ab292122ff16,2,Men's Styles,Brady,Sea Glass Gray,95
20b03d28-d39c-46cf-81af-9fb479e823c0,2,Men's Styles,Brady,Sea Glass Gray,95
21343435-b205-463b-8159-35965866aae6,3,Men's Styles,Dawes,Driftwood Fade,150
214f5b7c-b8a4-45bb-8069-11aa25eb9193,2,Men's Styles,Brady,Sea Glass Gray,95
22157e91-b367-4f57-9d90-04864bea5788,4,Men's Styles,Dawes,Jet Black,150
22f1e218-8bc0-4d1d-b122-1379c28c4545,1,Men's Styles,Brady,Layered Tortoise Matte,95
22f75e57-c77b-49ee-ab7e-a80806fc6a3d,1,Men's Styles,Brady,Layered Tortoise Matte,95
238d8ab6-12f9-47a9-bb08-2df9c23c26d4,8,Women's Styles,Lucy,Jet Black,150
23f20c14-2455-4a7b-844e-b18680944fc0,2,Men's Styles,Brady,Sea Glass Gray,95
24ffbce6-5652-4c41-9dab-8b3d4555b8be,8,Women's Styles,Lucy,Jet Black,150
25cf034a-6e32-4ba8-83b0-b990cd1646b1,6,Women's Styles,Olive,Pearled Tortoise,95
2607ec71-5e3f-41a6-9037-f4066d4876a4,5,Men's Styles,Monocle,Endangered Tortoise,50
26158365-10a3-4a90-8bf9-9fd99d27c0ef,10,Women's Styles,Eugene Narrow,Rosewood Tortoise,95
26696fdb-68a3-4e82-920b-360e8a17d662,10,Women's Styles,Eugene Narrow,Rosewood Tortoise,95
27ab373c-ee8c-4a6e-8a33-ab696841f061,7,Women's Styles,Lucy,Elderflower Crystal,150
27fa4dc5-fd79-4f05-82b9-ddcc5ca1cf50,4,Men's Styles,Dawes,Jet Black,150
286e3c25-b76e-4f5e-98fb-564122c98382,8,Women's Styles,Lucy,Jet Black,150
28867d12-27a6-4e6a-a5fb-8bb5440117ae,6,Women's Styles,Olive,Pearled Tortoise,95
291f1cca-e507-48be-b063-002b14906468,10,Women's Styles,Eugene Narrow,Rosewood Tortoise,95
2a2d5815-e49a-4aff-bc0b-2874be30d076,3,Men's Styles,Dawes,Driftwood Fade,150
2a552ec1-34a1-4c26-b99c-d2639a3c96ee,4,Men's Styles,Dawes,Jet Black,150
2a71e53a-c9f2-4dcb-b02f-6a76d65f10ec,3,Men's Styles,Dawes,Driftwood Fade,150
2b3de4c3-ae42-4e8a-9b9d-e2576c02b0bd,10,Women's Styles,Eugene Narrow,Rosewood Tortoise,95
2cc1b38d-bc6e-4a06-9352-164addfebe5d,5,Men's Styles,Monocle,Endangered Tortoise,50
2cc56e4b-bad8-4d33-a908-045f776fbed6,8,Women's Styles,Lucy,Jet Black,150
2d4fd61f-54ad-4bb0-81f2-4cc070584ed0,3,Men's Styles,Dawes,Driftwood Fade,150
2d5b7955-c24d-43c0-89b4-be44c5609aa5,1,Men's Styles,Brady,Layered Tortoise Matte,95
2dfde92b-4085-450d-a064-13dd9d9efdcd,3,Men's Styles,Dawes,Driftwood Fade,150
2e3e3236-89fd-4e09-a4c9-babf7675819f,8,Women's Styles,Lucy,Jet Black,150
2e42bf7b-9f80-4973-a6fa-9b8d14e22e14,8,Women's Styles,Lucy,Jet Black,150
2ef38748-aaa4-4f11-abb5-293fae554a22,6,Women's Styles,Olive,Pearled Tortoise,95
2f1d8f84-0ec7-423d-864c-b3058bd42c17,6,Women's Styles,Olive,Pearled Tortoise,95
2f7666c0-7eed-42ea-9914-f82556f85283,1,Men's Styles,Brady,Layered Tortoise Matte,95
306454c1-eba1-4607-a88f-044b6d76c250,2,Men's Styles,Brady,Sea Glass Gray,95
30c5747c-51ae-40c1-af01-25c35e6e55c0,7,Women's Styles,Lucy,Elderflower Crystal,150
3112f038-2ae3-4584-9811-ca960ee18963,4,Men's Styles,Dawes,Jet Black,150
311ab009-bb5c-44b2-9330-6b5b88163c9f,2,Men's Styles,Brady,Sea Glass Gray,95
3138f7e9-c03c-40af-bfda-69357ce0e6db,5,Men's Styles,Monocle,Endangered Tortoise,50
31793604-513b-4585-bcbf-a5c8d4938144,6,Women's Styles,Olive,Pearled Tortoise,95
321e7144-4d4a-4822-a0cf-acdf603dad17,6,Women's Styles,Olive,Pearled Tortoise,95
32676677-61d3-4430-a94c-0e6313df79c0,4,Men's Styles,Dawes,Jet Black,150
32ce7f30-649a-4e54-bbba-1edaaecc02ea,3,Men's Styles,Dawes,Driftwood Fade,150
33aa06cd-58e2-4edb-991b-b5c0e00605fb,3,Men's Styles,Dawes,Driftwood Fade,150
33d0ba24-fa10-4769-8c8f-79125482f0f5,10,Women's Styles,Eugene Narrow,Rosewood Tortoise,95
33fe316d-05ad-4762-b98c-c5a7d56a2ab5,7,Women's Styles,Lucy,Elderflower Crystal,150
34208955-7ccc-4606-93d0-e2462d6b3022,3,Men's Styles,Dawes,Driftwood Fade,150
3443f3b2-580a-4faf-8d82-02d055969208,3,Men's Styles,Dawes,Driftwood Fade,150
35818d70-0add-4f24-88bf-b0bbbb22061d,1,Men's Styles,Brady,Layered Tortoise Matte,95
35f68cd9-5169-40b8-83e5-f4c1a4fc2633,10,Women's Styles,Eugene Narrow,Rosewood Tortoise,95
360f70ea-771e-4b7e-b95a-7b1eebd50f41,4,Men's Styles,Dawes,Jet Black,150
372416e4-f27c-4960-b32e-7d90991ddaab,6,Women's Styles,Olive,Pearled Tortoise,95
393e61fc-0eb4-491b-8dc6-e4f6bb198f81,2,Men's Styles,Brady,Sea Glass Gray,95
399fe05a-bbb3-480a-bbd9-932d58548d6b,4,Men's Styles,Dawes,Jet Black,150
39e8a811-75b9-4dc3-bdff-c92b6db0431d,1,Men's Styles,Brady,Layered Tortoise Matte,95
39fe1b9f-caae-4985-ad6e-0df929e1d8f5,1,Men's Styles,Brady,Layered Tortoise Matte,95
3b17f3de-e223-4cc1-a043-c89e3b22e05a,10,Women's Styles,Eugene Narrow,Rosewood Tortoise,95
3bc8f97f-2336-4dab-bd86-e391609dab97,10,Women's Styles,Eugene Narrow,Rosewood Tortoise,95
3bdf60d5-21fa-4bd5-a563-01255088cf7f,10,Women's Styles,Eugene Narrow,Rosewood Tortoise,95
3c72580b-9acc-403d-be04-e5c26b59ebcb,2,Men's Styles,Brady,Sea Glass Gray,95
3d082ef1-1c0b-4478-9ed6-a817b2c5677f,3,Men's Styles,Dawes,Driftwood Fade,150
3dd998e7-87b7-4e0d-b02f-c4fa054d444b,4,Men's Styles,Dawes,Jet Black,150
3fd325d6-5bbd-4547-b085-5b286b890431,2,Men's Styles,Brady,Sea Glass Gray,95
3fdcd3da-7bbd-47c9-bd24-38e7a07ca180,5,Men's Styles,Monocle,Endangered Tortoise,50
40af8da7-61dd-47b2-8457-b2387c0328d6,6,Women's Styles,Olive,Pearled Tortoise,95
4181cbcb-b659-4ad9-99be-f3774cc37314,2,Men's Styles,Brady,Sea Glass Gray,95
41dc7669-c37d-40db-a96f-643371674f87,10,Women's Styles,Eugene Narrow,Rosewood Tortoise,95
42a10922-2d7d-44e6-961c-bfff8f464ff2,5,Men's Styles,Monocle,Endangered Tortoise,50
437cd4a8-75af-42a8-98b7-f15bf5f27259,5,Men's Styles,Monocle,Endangered Tortoise,50
43825a25-17a4-4093-8c80-42b9c9888365,2,Men's Styles,Brady,Sea Glass Gray,95
43fc2b6c-f477-4f20-9990-eaf024aa63bf,2,Men's Styles,Brady,Sea Glass Gray,95
448be0b6-bdf9-45d1-8b46-2ea4d57dd77d,1,Men's Styles,Brady,Layered Tortoise Matte,95
4523cf18-773a-443c-8b15-d5c91fdff988,2,Men's Styles,Brady,Sea Glass Gray,95
45b7bc7b-39b5-4308-ba56-c16107f28a97,2,Men's Styles,Brady,Sea Glass Gray,95
45ed80d3-6819-4c83-9af4-d7fe00594d6c,5,Men's Styles,Monocle,Endangered Tortoise,50
46a94905-0385-4900-8749-072c0bcedb57,4,Men's Styles,Dawes,Jet Black,150
46f195a5-3d5e-4c6a-adff-9bf11a59971c,6,Women's Styles,Olive,Pearled Tortoise,95
47a7f7af-bfe4-40fa-8574-8b4480dd78d6,10,Women's Styles,Eugene Narrow,Rosewood Tortoise,95
47b60960-820c-4e77-8595-2e2e31d77182,1,Men's Styles,Brady,Layered Tortoise Matte,95
480e65fe-c8a0-4b3a-bfb4-7ce31be93d52,5,Men's Styles,Monocle,Endangered Tortoise,50
4a438820-5804-4dff-9222-c8599b19599e,3,Men's Styles,Dawes,Driftwood Fade,150
4aa8f065-8911-489c-b9b2-92e8da1d08a9,9,Women's Styles,Eugene Narrow,Rose Crystal,95
4ab4bb1a-c803-4b1c-a9cf-ad81af770c71,7,Women's Styles,Lucy,Elderflower Crystal,150
4ab4d5c3-f93a-4841-aa35-8da6b1bd7a1e,6,Women's Styles,Olive,Pearled Tortoise,95
4ac91a3d-dd3a-42a7-8215-2b66e516e810,1,Men's Styles,Brady,Layered Tortoise Matte,95
4b591cb4-b801-4738-870a-77cd186544ee,10,Women's Styles,Eugene Narrow,Rosewood Tortoise,95
4bc6829b-6ac2-49e2-84e9-119842f82a16,2,Men's Styles,Brady,Sea Glass Gray,95
4c1aa9dd-22fa-4165-ad41-d34c170da7de,9,Women's Styles,Eugene Narrow,Rose Crystal,95
4c5c02f3-563d-4e3c-994a-5e0faf0e1611,8,Women's Styles,Lucy,Jet Black,150
4c89e8fc-db36-4225-8c09-e8ada8594055,9,Women's Styles,Eugene Narrow,Rose Crystal,95
4c99ad21-71a6-494c-a8b6-0186d4c5abf6,3,Men's Styles,Dawes,Driftwood Fade,150
4cf65655-c736-4dfa-aafb-cbefe541adb0,9,Women's Styles,Eugene Narrow,Rose Crystal,95
4d895ccf-4877-4f13-8183-13d7d0a20a47,5,Men's Styles,Monocle,Endangered Tortoise,50
4d8b45f4-1992-478c-8767-62b6be975be8,10,Women's Styles,Eugene Narrow,Rosewood Tortoise,95
4f7cd365-c4d0-4eaa-ac5c-d82e476a974a,8,Women's Styles,Lucy,Jet Black,150
4fdc6b73-08e7-4238-b317-2e4b99e4b04c,8,Women's Styles,Lucy,Jet Black,150
50bbf9d1-b7bb-4f42-8604-e2c7ac9add5f,10,Women's Styles,Eugene Narrow,Rosewood Tortoise,95
51290372-8238-47c2-8888-36307bd0d76a,5,Men's Styles,Monocle,Endangered Tortoise,50
53214819-85d6-4158-ac00-9ac273f53155,6,Women's Styles,Olive,Pearled Tortoise,95
54934981-ec34-4368-8e86-fbadcb51a4af,2,Men's Styles,Brady,Sea Glass Gray,95
5496c68c-06ae-44b9-b443-0fa77c21681d,1,Men's Styles,Brady,Layered Tortoise Matte,95
5657f8d4-4589-42ad-9feb-1d33d3fc6b5a,7,Women's Styles,Lucy,Elderflower Crystal,150
565aaacd-eec5-4857-a908-170f0cea0e76,6,Women's Styles,Olive,Pearled Tortoise,95
56ca2443-1f82-4107-ade7-cf15caeb3a27,1,Men's Styles,Brady,Layered Tortoise Matte,95
56cdc793-cc7b-483d-b779-b4cbfd29e661,7,Women's Styles,Lucy,Elderflower Crystal,150
56fe74dd-c274-408e-9ba1-03db92acf872,1,Men's Styles,Brady,Layered Tortoise Matte,95
57a087d2-66f9-41c7-a0cc-177540b60891,10,Women's Styles,Eugene Narrow,Rosewood Tortoise,95
583accf5-d9b2-46ad-83bd-f3b635ed8948,7,Women's Styles,Lucy,Elderflower Crystal,150
595e5e01-c257-4b60-9927-26368c5ac686,8,Women's Styles,Lucy,Jet Black,150
5a0d8571-ea82-4ea9-adb1-08b813486a3f,7,Women's Styles,Lucy,Elderflower Crystal,150
5a3ee321-517d-4a21-a351-d6815ab2edd5,10,Women's Styles,Eugene Narrow,Rosewood Tortoise,95
5a45a1d2-7793-446e-a5d1-30ef2bc86f72,1,Men's Styles,Brady,Layered Tortoise Matte,95
5a933572-44e5-4ebc-9ac0-fd609af89593,9,Women's Styles,Eugene Narrow,Rose Crystal,95
5b2b133a-96a1-42c3-b9c1-be41ac599c63,9,Women's Styles,Eugene Narrow,Rose Crystal,95
5b8c595e-70e0-45a2-938a-1fe1c729cd6c,10,Women's Styles,Eugene Narrow,Rosewood Tortoise,95
5bf49278-2b8d-4e22-a0fa-4c001ae4b453,1,Men's Styles,Brady,Layered Tortoise Matte,95
5c2067be-cf63-465b-b72c-73dd3ae73b98,9,Women's Styles,Eugene Narrow,Rose Crystal,95
5c241446-6084-43cf-9b14-889436337b6b,4,Men's Styles,Dawes,Jet Black,150
5c299a77-108c-4e05-a441-8fb2a71f4cfb,3,Men's Styles,Dawes,Driftwood Fade,150
5e368344-49e6-4be6-a825-d82e4575cc34,7,Women's Styles,Lucy,Elderflower Crystal,150
5e724e1a-467c-4a92-a4f0-ee5a25597062,9,Women's Styles,Eugene Narrow,Rose Crystal,95
5e9c88b6-7728-4de6-bf06-ee7f8ba43288,4,Men's Styles,Dawes,Jet Black,150
5ec1b242-e07f-43e8-b2cb-6bd034703394,5,Men's Styles,Monocle,Endangered Tortoise,50
5f94f182-889c-4730-bbf4-792258663a09,6,Women's Styles,Olive,Pearled Tortoise,95
5fa8d6c2-0d2d-4689-9ecb-35743ec7be59,4,Men's Styles,Dawes,Jet Black,150
61694eaa-6d89-4d69-a395-141e97ffb5f8,6,Women's Styles,Olive,Pearled Tortoise,95
63b2e9c0-cebf-4013-b1c2-1a01476598c7,4,Men's Styles,Dawes,Jet Black,150
64330597-8e3d-46ec-9111-c1d67d17ca53,4,Men's Styles,Dawes,Jet Black,150
64480f56-f32c-4580-896d-7c2738169b60,10,Women's Styles,Eugene Narrow,Rosewood Tortoise,95
648b3152-123f-41a3-b4f4-b6ba6c55d345,6,Women's Styles,Olive,Pearled Tortoise,95
65d6a0ac-e1b8-4401-b96d-06bc6a418833,7,Women's Styles,Lucy,Elderflower Crystal,150
665533b2-8ffe-48be-8bea-0e3900e0bede,5,Men's Styles,Monocle,Endangered Tortoise,50
6690e848-d7fb-408f-9a68-c629775061b3,6,Women's Styles,Olive,Pearled Tortoise,95
66a4a0c2-1978-4ff9-a1d2-4fa911f989f3,1,Men's Styles,Brady,Layered Tortoise Matte,95
66e1d656-c03e-46e5-984d-cccea975a780,3,Men's Styles,Dawes,Driftwood Fade,150
671ef5d6-ee99-48f7-a78c-da648751c649,8,Women's Styles,Lucy,Jet Black,150
677b4128-58f9-434e-acf4-2eeead657004,5,Men's Styles,Monocle,Endangered Tortoise,50
6816bdc3-daed-403c-b34a-a23ab279f3be,6,Women's Styles,Olive,Pearled Tortoise,95
684988d7-1029-4a31-bdf6-533002adbc0e,4,Men's Styles,Dawes,Jet Black,150
69ade01c-157e-4e7f-8f93-8b7ee7917011,4,Men's Styles,Dawes,Jet Black,150
6b2c81f0-3d31-4f8c-ae3e-25998d487682,8,Women's Styles,Lucy,Jet Black,150
6bd99636-214a-4819-892a-0dc305a27d22,3,Men's Styles,Dawes,Driftwood Fade,150
6cb2953d-003d-4397-964c-7341e5afe84f,9,Women's Styles,Eugene Narrow,Rose Crystal,95
6d6e0935-457d-4ca5-be23-9deb5a39df44,6,Women's Styles,Olive,Pearled Tortoise,95
6e444944-1000-48ef-bc09-a21761f31122,7,Women's Styles,Lucy,Elderflower Crystal,150
6e4ce66a-0636-4c09-aa94-8ec2da28050f,10,Women's Styles,Eugene Narrow,Rosewood Tortoise,95
6e8ff56d-c63c-43a5-ad0c-482f9c46a629,9,Women's Styles,Eugene Narrow,Rose Crystal,95
6ee7e098-0644-4644-b9ef-3c7e94b5d2c4,1,Men's Styles,Brady,Layered Tortoise Matte,95
6ef73f5e-c635-4c63-85f0-67be8dc6950b,6,Women's Styles,Olive,Pearled Tortoise,95
6f1541c9-3041-4289-bce1-ab8f62b53a78,3,Men's Styles,Dawes,Driftwood Fade,150
6fbe5f5a-c0cb-4279-843f-458aa16ccbce,8,Women's Styles,Lucy,Jet Black,150
712feebd-b80a-4994-8a88-46a6b2aca85a,9,Women's Styles,Eugene Narrow,Rose Crystal,95
72512606-c66d-4b37-97d6-bfa689212798,5,Men's Styles,Monocle,Endangered Tortoise,50
7324cdb8-4613-4e07-9e8d-6b4dfdae98cf,9,Women's Styles,Eugene Narrow,Rose Crystal,95
7332c02d-6239-49da-8dc7-65b073934b47,4,Men's Styles,Dawes,Jet Black,150
7489dc66-18c6-4d33-98b0-b524811dc5d7,2,Men's Styles,Brady,Sea Glass Gray,95
755544d9-d50e-4423-9e4d-c6325aeb18bf,1,Men's Styles,Brady,Layered Tortoise Matte,95
767ac41f-e89f-47d1-b343-48d6353a1fe8,9,Women's Styles,Eugene Narrow,Rose Crystal,95
76bbf5e1-5eb3-468c-accc-7eb492d47b28,6,Women's Styles,Olive,Pearled Tortoise,95
76da5225-7279-4aa5-bf90-b79df3f14910,10,Women's Styles,Eugene Narrow,Rosewood Tortoise,95
76e9ccd7-3dc8-479d-9a76-a8c5a0823cb7,4,Men's Styles,Dawes,Jet Black,150
778170b4-069b-40e5-b45d-f268eea238eb,3,Men's Styles,Dawes,Driftwood Fade,150
77925111-a7be-433e-859f-571e1d20bea5,6,Women's Styles,Olive,Pearled Tortoise,95
77d8aee5-d73a-4bbc-bde4-74f1dfebdf68,10,Women's Styles,Eugene Narrow,Rosewood Tortoise,95
78305b6c-ff29-4d63-af46-d8d2f69968d3,10,Women's Styles,Eugene Narrow,Rosewood Tortoise,95
794af2d1-8a80-4be5-bbe8-d4406adac41e,6,Women's Styles,Olive,Pearled Tortoise,95
7965fcad-6f14-41ed-9a1f-61580c9cd665,5,Men's Styles,Monocle,Endangered Tortoise,50
7a678950-7e27-4d4f-9821-7818e4e3be59,3,Men's Styles,Dawes,Driftwood Fade,150
7b001392-fb63-402c-a527-ca7ad6827ff7,10,Women's Styles,Eugene Narrow,Rosewood Tortoise,95
7b5be1d8-65d4-411a-88df-141156742536,4,Men's Styles,Dawes,Jet Black,150
7b8f0b67-062c-44e2-898d-f803600ac78a,6,Women's Styles,Olive,Pearled Tortoise,95
7c8ef92e-f0bd-49ab-a39c-80202d5887dd,4,Men's Styles,Dawes,Jet Black,150
7caddbcb-f74b-4b62-a45d-b96cd2a4c86c,9,Women's Styles,Eugene Narrow,Rose Crystal,95
7dc1d704-ff9f-49c5-9cd9-2b9609953e9f,9,Women's Styles,Eugene Narrow,Rose Crystal,95
7dd77ad9-0cbb-4155-9410-c54c8f4839ca,10,Women's Styles,Eugene Narrow,Rosewood Tortoise,95
7e0a4de1-1e5f-4e9a-b49f-2d8121572646,8,Women's Styles,Lucy,Jet Black,150
7f1a340f-ff0a-40c7-a8cc-c9735371bf13,3,Men's Styles,Dawes,Driftwood Fade,150
7f6c554c-eb1f-45f8-98d0-7eda81b4cc0e,6,Women's Styles,Olive,Pearled Tortoise,95
7f769f16-ba7c-45f6-bb9c-45cc54d9e231,2,Men's Styles,Brady,Sea Glass Gray,95
7f855658-7994-4f86-a978-f8c8f9c5bd6a,4,Men's Styles,Dawes,Jet Black,150
803f65fb-ee77-40c9-bc00-76654838c58a,1,Men's Styles,Brady,Layered Tortoise Matte,95
805e652f-d06a-4946-9038-405a61570495,10,Women's Styles,Eugene Narrow,Rosewood Tortoise,95
805fc874-23db-45be-88aa-8f53bcf07f09,3,Men's Styles,Dawes,Driftwood Fade,150
80ab8d22-334b-435b-aa35-b0195cfca998,3,Men's Styles,Dawes,Driftwood Fade,150
82f1b941-f28c-418b-a979-fcdac4ab8298,4,Men's Styles,Dawes,Jet Black,150
838b7d4b-ecd1-43c0-a066-738aad0a9cfd,9,Women's Styles,Eugene Narrow,Rose Crystal,95
8397bfd3-8dd7-4ea4-b77a-433e516066bd,9,Women's Styles,Eugene Narrow,Rose Crystal,95
83a1f78f-27ad-4540-9293-564b9674c9d5,6,Women's Styles,Olive,Pearled Tortoise,95
83bd7767-2051-4631-8abd-23336d464449,10,Women's Styles,Eugene Narrow,Rosewood Tortoise,95
85a53c6e-3c99-41f3-b79a-07c65ad6bdbe,9,Women's Styles,Eugene Narrow,Rose Crystal,95
85d8e0ef-ac5d-4a7e-ad21-450ae3d30f0c,6,Women's Styles,Olive,Pearled Tortoise,95
862f8038-5a9d-4b5c-aaba-431a5aeee056,3,Men's Styles,Dawes,Driftwood Fade,150
86aeb83d-5647-4729-85ca-9078e93e1a87,5,Men's Styles,Monocle,Endangered Tortoise,50
86f2e8e7-3d90-48ae-986d-08851b7ccf4b,8,Women's Styles,Lucy,Jet Black,150
875670e0-afc0-466f-ab57-3b791189c3c0,3,Men's Styles,Dawes,Driftwood Fade,150
8833a482-9c4b-43aa-b0ac-d53cd3421eac,3,Men's Styles,Dawes,Driftwood Fade,150
88cd98bb-9434-49ad-82b0-bb1ae6112d7d,7,Women's Styles,Lucy,Elderflower Crystal,150
895af8bd-3871-4434-a78b-71a9eee6d4cd,8,Women's Styles,Lucy,Jet Black,150
89d4adad-6aa4-496f-8b3e-4be84c35473c,5,Men's Styles,Monocle,Endangered Tortoise,50
8a9f51c5-18a2-43ab-ae54-623af65e0093,6,Women's Styles,Olive,Pearled Tortoise,95
8aeb7af7-ff00-44f5-a4b9-d0170844fcd4,3,Men's Styles,Dawes,Driftwood Fade,150
8aedc5be-b0d6-4513-9a2c-b07f8c94ebd7,5,Men's Styles,Monocle,Endangered Tortoise,50
8b0e6aeb-b576-45c8-b785-d141777d3d31,8,Women's Styles,Lucy,Jet Black,150
8bcedc93-4920-4658-9ae3-0c879722eed1,2,Men's Styles,Brady,Sea Glass Gray,95
8ca7c665-2c9b-4fa7-9ef0-968376681793,7,Women's Styles,Lucy,Elderflower Crystal,150
8cb0b822-8f63-42f5-a8f0-ae1890b80a65,6,Women's Styles,Olive,Pearled Tortoise,95
8cc09630-9cd2-40ed-9eed-c54a67d3b58d,3,Men's Styles,Dawes,Driftwood Fade,150
8db3f9cf-daca-4b4d-b244-8409c0d61cdd,10,Women's Styles,Eugene Narrow,Rosewood Tortoise,95
8f076ce6-db31-4793-b432-ef4e42a9b718,10,Women's Styles,Eugene Narrow,Rosewood Tortoise,95
902025cd-6827-45a0-9724-e6f28975d691,7,Women's Styles,Lucy,Elderflower Crystal,150
903be3a4-5884-476b-9bae-0730abdc66ab,7,Women's Styles,Lucy,Elderflower Crystal,150
90fab4b3-05ca-4ee1-8494-d2b093320b37,3,Men's Styles,Dawes,Driftwood Fade,150
91170613-c8ec-456d-9f33-1a0498a57bd9,10,Women's Styles,Eugene Narrow,Rosewood Tortoise,95
91690c60-d79c-4515-9885-0acc1e2f73cf,7,Women's Styles,Lucy,Elderflower Crystal,150
9202b128-ba4f-4907-beaf-a1211f08388a,10,Women's Styles,Eugene Narrow,Rosewood Tortoise,95
92c9b5eb-e170-495e-a920-1ff04d2da780,8,Women's Styles,Lucy,Jet Black,150
92e51825-7b9f-4e31-a071-b7f1696ac676,7,Women's Styles,Lucy,Elderflower Crystal,150
93770f80-a457-4581-87cb-adb4ea31aaf2,3,Men's Styles,Dawes,Driftwood Fade,150
944c22d5-a820-4d0b-b905-3d607ebe2839,5,Men's Styles,Monocle,Endangered Tortoise,50
95885e6d-cb6f-4bfb-bb23-41432149192d,9,Women's Styles,Eugene Narrow,Rose Crystal,95
96118625-9376-4c2a-90d3-a649cb5e6953,8,Women's Styles,Lucy,Jet Black,150
9641b099-f178-4015-b004-ac85ebb9aa2e,3,Men's Styles,Dawes,Driftwood Fade,150
965eb26e-dbcd-4bfc-8179-67cc2c34ad81,2,Men's Styles,Brady,Sea Glass Gray,95
965f2bdf-9b48-4dec-b8df-f5857531ed50,9,Women's Styles,Eugene Narrow,Rose Crystal,95
968d3a5e-d235-4617-9fb7-0d6bccf89733,7,Women's Styles,Lucy,Elderflower Crystal,150
9693c539-3286-4d2b-9abb-ef34813dc43a,6,Women's Styles,Olive,Pearled Tortoise,95
9747a5fe-53a7-49d8-a78b-73593313be2e,2,Men's Styles,Brady,Sea Glass Gray,95
97657049-f9e2-4618-abc7-4fc36c5bbba7,5,Men's Styles,Monocle,Endangered Tortoise,50
97bacd9b-5fa3-4317-9ad1-82e9b0414622,1,Men's Styles,Brady,Layered Tortoise Matte,95
992f3b90-26c5-4b67-8ba9-884fe1b33a66,1,Men's Styles,Brady,Layered Tortoise Matte,95
999bceb2-81bc-42f5-a34c-5823aefdd801,9,Women's Styles,Eugene Narrow,Rose Crystal,95
99c3fec7-c618-4dea-a040-719367c19acd,5,Men's Styles,Monocle,Endangered Tortoise,50
9a90147c-27d8-443a-80d5-605de356cb0a,7,Women's Styles,Lucy,Elderflower Crystal,150
9abf5ab9-30e4-4e26-bfb4-685e8174e245,9,Women's Styles,Eugene Narrow,Rose Crystal,95
9af6b30b-db58-48d8-931f-078b9f7ea8f0,3,Men's Styles,Dawes,Driftwood Fade,150
9b9338d4-3abb-4606-977f-1c6789fad555,7,Women's Styles,Lucy,Elderflower Crystal,150
9c1a587a-2ada-43cf-a4e3-2ced2f831021,2,Men's Styles,Brady,Sea Glass Gray,95
9ceabd80-38ce-4c64-9ba6-d136e7a7f5fa,3,Men's Styles,Dawes,Driftwood Fade,150
9d5dadf2-33d7-44b0-bd04-91af07e5b9e0,7,Women's Styles,Lucy,Elderflower Crystal,150
9f0db9b6-0156-462f-9d46-6d26efe654ec,5,Men's Styles,Monocle,Endangered Tortoise,50
9f443bfb-f37e-455c-ab44-6c07c8cf7122,9,Women's Styles,Eugene Narrow,Rose Crystal,95
9f6d215e-b3fd-4f77-ac16-5ddbfe5c0edc,10,Women's Styles,Eugene Narrow,Rosewood Tortoise,95
9f759536-81da-4af5-9754-4fdf87d87e94,1,Men's Styles,Brady,Layered Tortoise Matte,95
9fc1bcfe-1c3b-4b78-bb3b-af3586c2f05c,3,Men's Styles,Dawes,Driftwood Fade,150
a060d8cf-e244-4e24-9f15-ff41ee5d5a5d,2,Men's Styles,Brady,Sea Glass Gray,95
a06379fc-82ca-477c-a77d-8a8ee5eee28c,3,Men's Styles,Dawes,Driftwood Fade,150
a0e3360b-4290-4fb8-bb3c-f230b26636b4,4,Men's Styles,Dawes,Jet Black,150
a0fa3684-3381-4c7b-aa0a-520d8baff528,1,Men's Styles,Brady,Layered Tortoise Matte,95
a1a5bea8-80b5-4abe-9be1-ea3e82fc35e4,1,Men's Styles,Brady,Layered Tortoise Matte,95
a1d0a19b-3cad-42f7-823f-9de753f98ace,5,Men's Styles,Monocle,Endangered Tortoise,50
a26c042c-feb9-4f3d-acb5-022e4e330271,10,Women's Styles,Eugene Narrow,Rosewood Tortoise,95
a422cb99-6f62-4033-bdfc-c38b55d733c1,10,Women's Styles,Eugene Narrow,Rosewood Tortoise,95
a43564ec-1885-4a0d-a885-5355923f0d5b,6,Women's Styles,Olive,Pearled Tortoise,95
a515b5ab-a955-4992-be1d-2af70ce95144,8,Women's Styles,Lucy,Jet Black,150
a5ff0b09-6efa-4f06-98a1-39eefffde4ec,3,Men's Styles,Dawes,Driftwood Fade,150
a66798e0-13f6-4335-8c37-4c1890f1b836,8,Women's Styles,Lucy,Jet Black,150
a8c2bae2-5075-4ab6-8d99-afc20a8b8ea7,6,Women's Styles,Olive,Pearled Tortoise,95
a923495e-b5a3-4b6b-b7af-029dc402e8f7,3,Men's Styles,Dawes,Driftwood Fade,150
aa8bdcd6-d37e-45ae-8767-7089abbdcecb,8,Women's Styles,Lucy,Jet Black,150
aabaeafd-5332-4ba2-8b6a-b04268fbe146,4,Men's Styles,Dawes,Jet Black,150
abddacdb-6edc-4b1e-ae4d-3ab785e0c8fa,2,Men's Styles,Brady,Sea Glass Gray,95
abf0006c-b915-4d87-b501-78194dc53266,3,Men's Styles,Dawes,Driftwood Fade,150
ac792b7a-af34-4bdb-936f-8aa5551430d6,1,Men's Styles,Brady,Layered Tortoise Matte,95
ad5ec48f-fa2b-4bed-bd23-928d7e412ccc,1,Men's Styles,Brady,Layered Tortoise Matte,95
ad771ca1-3ff4-4b52-a8b3-cd1a91f34395,7,Women's Styles,Lucy,Elderflower Crystal,150
adc07b48-f853-4942-94b4-5cfc7c905420,1,Men's Styles,Brady,Layered Tortoise Matte,95
adc2de4f-403e-4931-91f5-d52d6c67e5f9,3,Men's Styles,Dawes,Driftwood Fade,150
adcdcb92-1579-4b4a-a4d8-d2174ce13f58,2,Men's Styles,Brady,Sea Glass Gray,95
add0c666-b6fa-4694-b983-6d761ab2f297,3,Men's Styles,Dawes,Driftwood Fade,150
ae3f437d-6c98-4934-90f1-ceb42391d440,8,Women's Styles,Lucy,Jet Black,150
ae4b630b-f7cd-4e4f-b032-1e72158a4c6f,9,Women's Styles,Eugene Narrow,Rose Crystal,95
ae7f62cc-8f82-4851-881c-14d4b59ce518,6,Women's Styles,Olive,Pearled Tortoise,95
aeef8b50-19af-494b-95c4-5ba83ce57e12,8,Women's Styles,Lucy,Jet Black,150
af1fe1c8-6525-4c22-943c-0c3c64901fd7,2,Men's Styles,Brady,Sea Glass Gray,95
af4ff78e-3a6c-498b-9696-64a1676aabea,6,Women's Styles,Olive,Pearled Tortoise,95
b0186302-c136-4744-9bb7-6d4a41793eb5,8,Women's Styles,Lucy,Jet Black,150
b0f3e52a-afb6-4432-b27b-34546c480bb4,4,Men's Styles,Dawes,Jet Black,150
b1474d29-1354-405d-a1b4-e45d9b5857fe,6,Women's Styles,Olive,Pearled Tortoise,95
b2003adf-e205-4da7-ab73-659a29c986a4,1,Men's Styles,Brady,Layered Tortoise Matte,95
b239586f-df0c-4820-aa13-83529d76e748,8,Women's Styles,Lucy,Jet Black,150
b3fb08df-8cbc-4a2b-ba43-4f7a59ac129d,2,Men's Styles,Brady,Sea Glass Gray,95
b429fe52-1caf-4fd7-ada1-9ff955769156,7,Women's Styles,Lucy,Elderflower Crystal,150
b466c473-6a4b-4401-ab5f-ba47c6b8c41a,3,Men's Styles,Dawes,Driftwood Fade,150
b4cbb2e0-c3c7-4330-b75c-7903e75f7296,10,Women's Styles,Eugene Narrow,Rosewood Tortoise,95
b58bc670-d8a8-4826-8503-eb7e2e7d2c36,4,Men's Styles,Dawes,Jet Black,150
b5b3a93c-e143-478c-9284-cf51d09c4fa9,5,Men's Styles,Monocle,Endangered Tortoise,50
b5e4525f-a92e-4b8b-a63c-fa71279621e5,4,Men's Styles,Dawes,Jet Black,150
b61d955d-2cda-4d86-b3da-e0a235657c56,3,Men's Styles,Dawes,Driftwood Fade,150
b645be99-7725-439b-8bde-7dc01f8af947,7,Women's Styles,Lucy,Elderflower Crystal,150
b66778db-005c-41ae-b91a-ec8f439a8f7d,3,Men's Styles,Dawes,Driftwood Fade,150
b6bc995f-64ae-4b20-9807-8f1c3287b15f,4,Men's Styles,Dawes,Jet Black,150
b6c83bbc-f80c-4d94-bfe7-6082d4916448,8,Women's Styles,Lucy,Jet Black,150
b6e18327-27a3-454a-9337-c9b5c465ba76,8,Women's Styles,Lucy,Jet Black,150
b71acb13-2137-49e1-9d85-e2ce4974e23e,8,Women's Styles,Lucy,Jet Black,150
b71d7b8c-8d57-4654-8d3d-c360d95db754,9,Women's Styles,Eugene Narrow,Rose Crystal,95
b7269c0d-9fc3-4148-9bb7-d748a6745716,8,Women's Styles,Lucy,Jet Black,150
b7e63818-4b33-45e4-a682-759d078e2e93,7,Women's Styles,Lucy,Elderflower Crystal,150
b826481f-f12d-4d61-ae91-e2bf76c6dc39,4,Men's Styles,Dawes,Jet Black,150
b8670f3b-88f2-4b94-8039-18ae10dd22c9,9,Women's Styles,Eugene Narrow,Rose Crystal,95
b867a601-9319-4494-b9b8-1dd18afb38b1,1,Men's Styles,Brady,Layered Tortoise Matte,95
b97f022c-84ac-4c2a-8065-39352a5bcdef,4,Men's Styles,Dawes,Jet Black,150
b9953466-8204-46a7-985d-6d3d1d5e982b,7,Women's Styles,Lucy,Elderflower Crystal,150
b9da7206-4d4e-4ecf-bd32-51e47dc7971f,1,Men's Styles,Brady,Layered Tortoise Matte,95
ba2b7598-4aba-4168-92ca-a3aff33b2cc2,9,Women's Styles,Eugene Narrow,Rose Crystal,95
ba6faa6a-3df2-41c6-b108-30cf453cb481,6,Women's Styles,Olive,Pearled Tortoise,95
bad00102-a299-4497-9d28-6189eb0abb01,9,Women's Styles,Eugene Narrow,Rose Crystal,95
badaa253-e0a9-4473-9898-5ccf6b15d32b,5,Men's Styles,Monocle,Endangered Tortoise,50
bc0e71c7-c727-41f9-8c25-9bb6b0561574,3,Men's Styles,Dawes,Driftwood Fade,150
bc9fe308-7620-40c6-a46f-06d55250bd3f,10,Women's Styles,Eugene Narrow,Rosewood Tortoise,95
bd89b0b6-c0d5-4b14-8677-39edc7086422,6,Women's Styles,Olive,Pearled Tortoise,95
be92a62b-e28f-498e-a579-1f6ba34d5512,5,Men's Styles,Monocle,Endangered Tortoise,50
bedef0cb-4b9b-4237-af94-da05ff7e0480,2,Men's Styles,Brady,Sea Glass Gray,95
bee026fb-73b5-435e-aaad-8ab2ffe9dc41,7,Women's Styles,Lucy,Elderflower Crystal,150
bf318ab8-b3b2-4555-8e15-d7c102472f60,9,Women's Styles,Eugene Narrow,Rose Crystal,95
bf42ef36-bea6-48d8-95c3-785c33684bcd,9,Women's Styles,Eugene Narrow,Rose Crystal,95
c0996b5c-7fb0-4581-af07-bc55d5865c19,4,Men's Styles,Dawes,Jet Black,150
c1698024-f29b-4de0-af1e-bc860cc48a7f,1,Men's Styles,Brady,Layered Tortoise Matte,95
c1de2c2d-2867-41b0-96a4-65dfb809d3dd,5,Men's Styles,Monocle,Endangered Tortoise,50
c24be6ca-defc-47fb-8e94-df8259fb4a8b,9,Women's Styles,Eugene Narrow,Rose Crystal,95
c24cb446-6e22-4674-8a03-7ac4c7cb520d,4,Men's Styles,Dawes,Jet Black,150
c27e51a3-3f4b-4bd4-a6c1-08a1e5f010bd,9,Women's Styles,Eugene Narrow,Rose Crystal,95
c27fd35c-3b33-4fae-b786-5da6a6c104f8,10,Women's Styles,Eugene Narrow,Rosewood Tortoise,95
c292cc97-453b-41c1-b6ae-037979f904ab,2,Men's Styles,Brady,Sea Glass Gray,95
c3ab6fcb-56e3-421c-a884-f51265e0d03a,8,Women's Styles,Lucy,Jet Black,150
c3eb2207-8bfd-4eee-8b3b-216a6775cb26,1,Men's Styles,Brady,Layered Tortoise Matte,95
c40bddb5-8455-4d75-8298-a84f1fe87d53,4,Men's Styles,Dawes,Jet Black,150
c46bf262-52f7-4adb-91f1-fd98c7a4e00f,10,Women's Styles,Eugene Narrow,Rosewood Tortoise,95
c6506c5a-6cc7-4848-8c63-866d44a29a1c,7,Women's Styles,Lucy,Elderflower Crystal,150
c66639a4-db81-40bf-9724-9b4f340a7e9d,10,Women's Styles,Eugene Narrow,Rosewood Tortoise,95
c69d09ca-76be-468e-b580-e5356824f9a2,1,Men's Styles,Brady,Layered Tortoise Matte,95
c6dde7fa-918c-4869-8909-74f858197014,8,Women's Styles,Lucy,Jet Black,150
c70e9be0-7c3b-45e6-851c-e35891c1e29c,9,Women's Styles,Eugene Narrow,Rose Crystal,95
c71ea703-a4cf-409a-bbea-2717c3b16d6d,3,Men's Styles,Dawes,Driftwood Fade,150
c752ba2e-eb19-4f05-b272-e1b45201fab9,6,Women's Styles,Olive,Pearled Tortoise,95
c7887f7a-5964-4725-b39b-9fec5cf79ca4,2,Men's Styles,Brady,Sea Glass Gray,95
c793ce00-c0db-4eb0-a9c5-2ca446f6522e,9,Women's Styles,Eugene Narrow,Rose Crystal,95
c8fb1cc6-8917-4636-95e2-0699256bf44c,8,Women's Styles,Lucy,Jet Black,150
c8fce09e-1bec-48fd-a373-597cf75fbf5e,9,Women's Styles,Eugene Narrow,Rose Crystal,95
c982fa43-2c9e-40ea-9c29-c17affaacad0,8,Women's Styles,Lucy,Jet Black,150
cb8c3848-5fa4-40b1-97aa-25eab9a44411,7,Women's Styles,Lucy,Elderflower Crystal,150
cbafc3bf-4696-4268-8a38-3ecb5814a896,10,Women's Styles,Eugene Narrow,Rosewood Tortoise,95
ccf6dbb4-605d-4fe1-99c5-bc4a8ca095d9,7,Women's Styles,Lucy,Elderflower Crystal,150
cd2e8717-9938-44bd-9775-729e48937905,8,Women's Styles,Lucy,Jet Black,150
ce965c4d-7a2b-4db6-9847-601747fa7812,9,Women's Styles,Eugene Narrow,Rose Crystal,95
d0a87b89-d470-4324-8f89-2ee92428249e,3,Men's Styles,Dawes,Driftwood Fade,150
d1390c4a-adbc-4a56-8f95-d00160abd119,1,Men's Styles,Brady,Layered Tortoise Matte,95
d150f12c-0cf1-4278-b696-53c2ecf4b21b,2,Men's Styles,Brady,Sea Glass Gray,95
d1d2936e-07ec-4e40-a43e-fbd4d0f28082,5,Men's Styles,Monocle,Endangered Tortoise,50
d55bd274-cdf6-481d-b9da-c4709b7928b6,9,Women's Styles,Eugene Narrow,Rose Crystal,95
d58d68e7-eeaa-4902-96dd-b28343e5d68d,3,Men's Styles,Dawes,Driftwood Fade,150
d5b8a8ef-0e15-4b8b-8d47-e038fddbe2f5,7,Women's Styles,Lucy,Elderflower Crystal,150
d6b93748-85a1-4949-b70e-e6f99a2431f5,3,Men's Styles,Dawes,Driftwood Fade,150
d6e938c8-1b6d-4e4c-a2cd-641826f438a5,8,Women's Styles,Lucy,Jet Black,150
d714faf1-8292-41a3-860a-7ca097abafcf,2,Men's Styles,Brady,Sea Glass Gray,95
d816f884-ce17-4374-bd37-95ac406f34c5,5,Men's Styles,Monocle,Endangered Tortoise,50
d8addd87-3217-4429-9a01-d56d68111da7,6,Women's Styles,Olive,Pearled Tortoise,95
d930b073-ae0b-4556-8ad9-17a9fef8629c,1,Men's Styles,Brady,Layered Tortoise Matte,95
da414ad7-efc6-4f6f-9de4-cfc152cff133,6,Women's Styles,Olive,Pearled Tortoise,95
db8ca7bf-3bd3-44c2-bc85-dad47f29ac15,6,Women's Styles,Olive,Pearled Tortoise,95
dc8ebb62-a36d-48b2-ac0c-1c28afe66c20,10,Women's Styles,Eugene Narrow,Rosewood Tortoise,95
dca84453-71de-428e-a0db-fbbf11fc288b,2,Men's Styles,Brady,Sea Glass Gray,95
dcc0ba73-db10-4cb2-92ab-036a4fd0f2d9,8,Women's Styles,Lucy,Jet Black,150
dcd5fd65-94be-4ba9-87ff-42d55637bbae,10,Women's Styles,Eugene Narrow,Rosewood Tortoise,95
dd08d494-fdfa-4d62-b01f-a5a1721e8f65,9,Women's Styles,Eugene Narrow,Rose Crystal,95
dd3284f9-5d92-489a-98c6-73acb5e668f5,1,Men's Styles,Brady,Layered Tortoise Matte,95
dd5bd118-d8bc-4020-ac98-d4647b7c9569,4,Men's Styles,Dawes,Jet Black,150
ddacdc44-833b-4429-84da-1a4dedc84ba9,6,Women's Styles,Olive,Pearled Tortoise,95
de482c6c-565c-4a4c-b55c-3513146fcfbb,4,Men's Styles,Dawes,Jet Black,150
df55155b-6dc6-45b5-a793-a55ca1c585b4,7,Women's Styles,Lucy,Elderflower Crystal,150
dfded8d9-97d0-485a-857e-df24e7d889ac,2,Men's Styles,Brady,Sea Glass Gray,95
dffdc692-50d3-462f-9b85-3a51d15bca05,7,Women's Styles,Lucy,Elderflower Crystal,150
e0518db8-c4c3-4392-86b9-b823aff7d166,10,Women's Styles,Eugene Narrow,Rosewood Tortoise,95
e1296aaa-fba7-4bee-bbee-3a68b3f9d731,5,Men's Styles,Monocle,Endangered Tortoise,50
e1747ed0-8412-424b-bd04-d5036757e225,10,Women's Styles,Eugene Narrow,Rosewood Tortoise,95
e2902222-c367-4805-a3b3-9916128dbf46,9,Women's Styles,Eugene Narrow,Rose Crystal,95
e3a4dc08-7657-4d65-810a-0b2003aaafce,4,Men's Styles,Dawes,Jet Black,150
e47e7e57-b766-4cae-a054-0ad95dff33ea,7,Women's Styles,Lucy,Elderflower Crystal,150
e484736d-ba82-492b-a4de-f3e5fdf65f19,3,Men's Styles,Dawes,Driftwood Fade,150
e5e01759-a036-4844-aaae-40a9235a2d17,6,Women's Styles,Olive,Pearled Tortoise,95
e67fb87b-cf6e-459d-b9be-7739e655096e,5,Men's Styles,Monocle,Endangered Tortoise,50
e770d281-e093-41f9-9cd7-edbc9e472861,9,Women's Styles,Eugene Narrow,Rose Crystal,95
e86189f6-54ae-40f2-b9fb-c4bff706ce12,7,Women's Styles,Lucy,Elderflower Crystal,150
e86bdb03-1299-4dd2-8df0-d10069471dba,3,Men's Styles,Dawes,Driftwood Fade,150
e8ce810a-633d-4ba7-9a0b-7641f4d77c0c,2,Men's Styles,Brady,Sea Glass Gray,95
e9198ac6-85de-470c-b8ed-19e95848bae2,9,Women's Styles,Eugene Narrow,Rose Crystal,95
e9cbfcbf-718b-4404-96ee-fce30635f061,6,Women's Styles,Olive,Pearled Tortoise,95
ea7168bd-45c0-4b88-b8f2-326412e2edca,5,Men's Styles,Monocle,Endangered Tortoise,50
eaac1cab-f307-49b0-9f9d-8d4a8d9e3bc9,9,Women's Styles,Eugene Narrow,Rose Crystal,95
eb0d6228-e1e9-4f7d-b86c-406c1e1aa20b,9,Women's Styles,Eugene Narrow,Rose Crystal,95
ecf87c46-9bbd-4b3e-a30b-12a951c19f6a,5,Men's Styles,Monocle,Endangered Tortoise,50
ee1df45c-a421-45c9-901e-da29fd9cffba,2,Men's Styles,Brady,Sea Glass Gray,95
ee341540-8d72-47d1-926b-c9b7f95efb6d,8,Women's Styles,Lucy,Jet Black,150
eef22bcc-58f4-44bf-b24e-d944be38666f,9,Women's Styles,Eugene Narrow,Rose Crystal,95
f055c951-3fff-476d-97d2-0d0615fb9271,3,Men's Styles,Dawes,Driftwood Fade,150
f0e3b59b-8df2-45ce-aec3-1aa422c08012,6,Women's Styles,Olive,Pearled Tortoise,95
f132d468-fea5-4a70-ba9d-0bf08a368876,2,Men's Styles,Brady,Sea Glass Gray,95
f3718838-52e3-4f7c-b795-b4109c57d9df,6,Women's Styles,Olive,Pearled Tortoise,95
f3defb57-a22b-4bb7-a81a-942050f253f6,3,Men's Styles,Dawes,Driftwood Fade,150
f3f7acf2-5d96-4d4c-8c6e-50cef2a189d2,1,Men's Styles,Brady,Layered Tortoise Matte,95
f4285aa7-d13d-4fb0-9c8a-a2ab8e250b30,1,Men's Styles,Brady,Layered Tortoise Matte,95
f4731e0d-67bf-4ffb-b505-0c7f7049a58f,7,Women's Styles,Lucy,Elderflower Crystal,150
f5112729-e204-4e92-81a7-150ba4c812e5,2,Men's Styles,Brady,Sea Glass Gray,95
f51e41d3-66b7-49bf-a508-482544eb847f,10,Women's Styles,Eugene Narrow,Rosewood Tortoise,95
f55f6a49-4fe8-4684-a952-113362668dbd,3,Men's Styles,Dawes,Driftwood Fade,150
f77e8858-8af1-455f-8ac6-db603219b1e7,3,Men's Styles,Dawes,Driftwood Fade,150
f7a6089a-ad50-423e-9c14-8fb56bc5b0af,9,Women's Styles,Eugene Narrow,Rose Crystal,95
f7ef84b7-2c32-42bc-afe9-762d0ebad2d9,2,Men's Styles,Brady,Sea Glass Gray,95
f7f2dbff-4e8f-4b5c-b443-b54bad9ef9ae,9,Women's Styles,Eugene Narrow,Rose Crystal,95
f8c80591-1208-4ffe-8211-64827ebd3e94,7,Women's Styles,Lucy,Elderflower Crystal,150
f8fde183-bd43-4239-a9b7-6b3a7d7e75d6,7,Women's Styles,Lucy,Elderflower Crystal,150
f926c9d5-1ef6-4a61-8e9c-8fb30a3d43ea,1,Men's Styles,Brady,Layered Tortoise Matte,95
f92f63d7-881e-4e29-9874-c2329be5cd9d,10,Women's Styles,Eugene Narrow,Rosewood Tortoise,95
f9665659-5c90-46d7-b940-500598298938,1,Men's Styles,Brady,Layered Tortoise Matte,95
fa602c83-4493-42d0-85fa-4b069cc23578,3,Men's Styles,Dawes,Driftwood Fade,150
fa959630-431a-480e-b320-7c5bc342da3b,10,Women's Styles,Eugene Narrow,Rosewood Tortoise,95
fb3c0b68-c30b-4860-a67e-ab97c76bc518,9,Women's Styles,Eugene Narrow,Rose Crystal,95
fc2af6bb-d268-479b-b9fa-d5e5be3b3a10,1,Men's Styles,Brady,Layered Tortoise Matte,95
fcfd74ec-90b4-4efd-b7ec-a2087cda1af8,1,Men's Styles,Brady,Layered Tortoise Matte,95
fdb05724-dc6d-4f31-bc1d-a91f7d93423e,2,Men's Styles,Brady,Sea Glass Gray,95
fdb36b83-f7e5-475a-9165-336fc3a39ccc,6,Women's Styles,Olive,Pearled Tortoise,95
fdd0cc7d-b9fc-404e-9d95-f69b230d2e72,10,Women's Styles,Eugene Narrow,Rosewood Tortoise,95
fdf35090-5080-4d90-9204-7af788268837,10,Women's Styles,Eugene Narrow,Rosewood Tortoise,95
fee44777-bbd7-44ea-8102-291c89d0519b,1,Men's Styles,Brady,Layered Tortoise Matte,95
ffef9d8c-7a8d-475d-a9b2-856b81c05b66,2,Men's Styles,Brady,Sea Glass Gray,95
