4e8118dc-bb3d-49bf-85fc-cca8d83232ac,Women's Styles,Medium,Rectangular,Tortoise
291f1cca-e507-48be-b063-002b14906468,Women's Styles,Narrow,Round,Black
75122300-0736-4087-b6d8-c0c5373a1a04,Women's Styles,Wide,Rectangular,Two-Tone
75bc6ebd-40cd-4e1d-a301-27ddd93b12e2,Women's Styles,Narrow,Square,Two-Tone
ce965c4d-7a2b-4db6-9847-601747fa7812,Women's Styles,Wide,Rectangular,Black
28867d12-27a6-4e6a-a5fb-8bb5440117ae,Women's Styles,Narrow,Rectangular,Black
5a7a7e13-fbcf-46e4-9093-79799649d6c5,Women's Styles,Wide,Rectangular,Tortoise
0143cb8b-bb81-4916-9750-ce956c9f9bd9,Women's Styles,Wide,Rectangular,Two-Tone
a4ccc1b3-cbb6-449c-b7a5-03af42c97433,Women's Styles,I'm not sure. Let's skip it.,Square,Tortoise
b1dded76-cd60-4222-82cb-f6d464104298,Women's Styles,Narrow,Rectangular,Crystal
8fe8b9a7-d5d0-4aeb-a0d2-b8dd43f50a95,Men's Styles,Medium,Rectangular,Crystal
9fc1bcfe-1c3b-4b78-bb3b-af3586c2f05c,Men's Styles,Narrow,Round,Tortoise
20b03d28-d39c-46cf-81af-9fb479e823c0,Men's Styles,Wide,Rectangular,Two-Tone
ffe1b116-6f09-4408-9aba-f0d268c67fbe,Men's Styles,Narrow,Rectangular,Tortoise
f254b8a3-1c02-42a2-8c7e-2a0a5c57f0f9,Women's Styles,Narrow,Round,Black
78636c3f-a55e-4296-97c7-fd10aac81042,Men's Styles,Narrow,Rectangular,Tortoise
f35fa92e-8814-412f-864e-dca97a8aea1e,Women's Styles,Narrow,Rectangular,Crystal
f7f2dbff-4e8f-4b5c-b443-b54bad9ef9ae,Women's Styles,Narrow,Rectangular,Tortoise
4e71850e-8bbf-4e6b-accc-49a7bb46c586,I'm not sure. Let's skip it.,Medium,Rectangular,Black
5d9e5c70-9f42-4304-bd34-23ab70a79d34,Men's Styles,Narrow,Square,Two-Tone
d5f8f841-d41f-4962-8824-e104b7f1e3bd,Women's Styles,Narrow,Round,Tortoise
0c570cc1-fbb1-4fe3-bdf8-a817696d3c67,Women's Styles,Narrow,Rectangular,Black
d2b97e03-2e08-4e1f-9f55-f143a2a854cd,I'm not sure. Let's skip it.,Narrow,Square,Black
1691d924-ac70-451d-acd8-845c08978be4,I'm not sure. Let's skip it.,Narrow,Rectangular,Tortoise
f015a7c4-cffb-456a-aa5b-933ffa48aa67,Women's Styles,Narrow,Rectangular,Tortoise
1b4da1ff-f104-4403-8d49-b37610e6f959,Women's Styles,Narrow,Rectangular,Two-Tone
8f5b84ff-8950-4145-a6ed-26154e958858,I'm not sure. Let's skip it.,Narrow,Rectangular,Black
b645be99-7725-439b-8bde-7dc01f8af947,Women's Styles,I'm not sure. Let's skip it.,Rectangular,Black
8e902353-b097-4900-9eb3-657ed2374c1e,Women's Styles,Narrow,Rectangular,Black
7e4377bc-375b-4903-b76c-3f678113976d,Women's Styles,Medium,Square,Neutral
c1de2c2d-2867-41b0-96a4-65dfb809d3dd,Men's Styles,Narrow,Square,Neutral
fc072827-2519-493a-9d6e-165bd950b068,Men's Styles,Medium,No Preference,Two-Tone
051cad4e-5646-4d7b-abf5-edd6d4b9c85d,Women's Styles,Narrow,Rectangular,Neutral
1139a085-c06a-4292-af6f-1a7e8c9c0ab3,Women's Styles,Wide,Square,Black
43fc2b6c-f477-4f20-9990-eaf024aa63bf,Men's Styles,Narrow,Round,Black
c3eb2207-8bfd-4eee-8b3b-216a6775cb26,Men's Styles,Wide,Rectangular,Tortoise
9c98c08e-6e5c-472e-961e-472e075cdb28,I'm not sure. Let's skip it.,I'm not sure. Let's skip it.,Round,Tortoise
19551ac3-c451-4044-bee7-4bb9c589b4b1,Men's Styles,Wide,Rectangular,Tortoise
8eb24487-efbc-4229-821f-aafee2b2b689,Women's Styles,Medium,Rectangular,Tortoise
868ff3dd-d9d2-48e8-adcd-98712088cf7c,Men's Styles,Narrow,Square,Tortoise
e4a99b47-98c8-48e9-84ac-d0dd7791146b,I'm not sure. Let's skip it.,Narrow,Square,Neutral
7c46954c-25ca-4052-a607-91c3fb68fa56,Men's Styles,Narrow,Square,Crystal
1d85f9ba-898e-42a1-9f08-02a03fe1a120,Women's Styles,I'm not sure. Let's skip it.,Square,Crystal
d101b917-c20a-45c0-85cd-29a28c0d5a15,I'm not sure. Let's skip it.,Wide,Round,Tortoise
ae3f437d-6c98-4934-90f1-ceb42391d440,Women's Styles,Narrow,Rectangular,Tortoise
b09ed287-3d61-4810-943d-527905472a31,I'm not sure. Let's skip it.,Narrow,Rectangular,Neutral
a1061a41-a2d4-4e4c-b376-6441e48f7851,Men's Styles,Narrow,Rectangular,Neutral
026e11d9-926c-4206-af7c-273e3ee6ad7f,Men's Styles,Medium,Rectangular,Black
9d2656a0-d066-4b42-bce1-77825f34ded9,I'm not sure. Let's skip it.,Medium,Square,Black
b7e63818-4b33-45e4-a682-759d078e2e93,Women's Styles,Narrow,Square,Tortoise
d72353a5-17b4-4b6f-ae11-00e4a6b4f7e3,Men's Styles,Narrow,Square,Tortoise
b6f47bc3-f3ff-442a-ac66-aed423e63308,Women's Styles,Wide,No Preference,Tortoise
3112f038-2ae3-4584-9811-ca960ee18963,Men's Styles,I'm not sure. Let's skip it.,Square,Two-Tone
05dc640b-5112-41b0-8169-6d957a93f779,Men's Styles,Narrow,Square,Black
4e8155fc-285b-40ba-970b-70393b9abe39,Women's Styles,Wide,Rectangular,Crystal
53214819-85d6-4158-ac00-9ac273f53155,Women's Styles,Medium,Rectangular,Tortoise
965f2bdf-9b48-4dec-b8df-f5857531ed50,Women's Styles,Narrow,Square,Black
c059c059-86c8-4e22-9ab0-6ebecf612e06,Men's Styles,Medium,Rectangular,Crystal
5fcc172d-ae98-4913-81f4-e7bc856b034d,Men's Styles,Narrow,No Preference,Crystal
d20eac07-7eec-4f3c-817c-16c33a21fd9a,Women's Styles,Wide,Rectangular,Neutral
b466c473-6a4b-4401-ab5f-ba47c6b8c41a,Men's Styles,Medium,No Preference,Tortoise
c24cb446-6e22-4674-8a03-7ac4c7cb520d,Men's Styles,Wide,Square,Black
1f1442d1-8217-4a1e-97cc-c11c8def9398,Women's Styles,Medium,Round,Tortoise
92e51825-7b9f-4e31-a071-b7f1696ac676,Women's Styles,I'm not sure. Let's skip it.,Square,Tortoise
cfa3620b-e8fd-415a-8d6d-643393a7e857,Women's Styles,Narrow,Square,Neutral
e842b4f0-c941-4809-8fad-37feb7c2a7f3,I'm not sure. Let's skip it.,Narrow,Rectangular,Two-Tone
c7a9f8bd-48ac-486a-aab6-128c566895f4,I'm not sure. Let's skip it.,Medium,Square,Black
356189df-8aee-4536-83ac-f0b18aea5a3f,Women's Styles,Narrow,Rectangular,Tortoise
cbafc3bf-4696-4268-8a38-3ecb5814a896,Women's Styles,Medium,Square,Tortoise
a5d947c7-ca21-49d7-b68e-113f75e5b6e6,Men's Styles,Narrow,Round,Crystal
1ea8fc30-d0af-4f3c-9c23-854fee0275b6,I'm not sure. Let's skip it.,Narrow,Round,Two-Tone
40af8da7-61dd-47b2-8457-b2387c0328d6,Women's Styles,Wide,Square,Neutral
b9953466-8204-46a7-985d-6d3d1d5e982b,Women's Styles,Wide,Rectangular,Black
dd3284f9-5d92-489a-98c6-73acb5e668f5,Men's Styles,Wide,Round,Black
e86bdb03-1299-4dd2-8df0-d10069471dba,Men's Styles,Wide,Rectangular,Two-Tone
76da5225-7279-4aa5-bf90-b79df3f14910,Women's Styles,Wide,Rectangular,Neutral
af8ef8fc-7787-4b90-a65c-4286d84e0be6,Men's Styles,Narrow,Rectangular,Two-Tone
7f855658-7994-4f86-a978-f8c8f9c5bd6a,Men's Styles,Medium,Round,Black
f8b13186-db36-4db1-89ff-a215c0afbe85,I'm not sure. Let's skip it.,Medium,Rectangular,Tortoise
38fe865a-47b5-4e3a-87d1-56a237ebec1a,Men's Styles,Medium,Square,Black
e5e01759-a036-4844-aaae-40a9235a2d17,Women's Styles,Narrow,Rectangular,Neutral
c7c8409e-93b0-401a-a331-e2a3320477d8,Men's Styles,Medium,Square,Two-Tone
b71d7b8c-8d57-4654-8d3d-c360d95db754,Women's Styles,Narrow,Rectangular,Black
a9608202-e25c-4a4d-b281-787c9fa77280,I'm not sure. Let's skip it.,Narrow,Rectangular,Black
a9133015-989b-4bb0-b313-7dbe60bbb27c,Men's Styles,Narrow,Rectangular,Black
7f769f16-ba7c-45f6-bb9c-45cc54d9e231,Men's Styles,Wide,Square,Black
bee026fb-73b5-435e-aaad-8ab2ffe9dc41,Women's Styles,Wide,Round,Neutral
12b0b516-2fb0-4da6-bb4d-a09f438ae96e,Men's Styles,Medium,No Preference,Neutral
93770f80-a457-4581-87cb-adb4ea31aaf2,Men's Styles,Narrow,Rectangular,Tortoise
7caddbcb-f74b-4b62-a45d-b96cd2a4c86c,Women's Styles,Narrow,Square,Black
cb8c3848-5fa4-40b1-97aa-25eab9a44411,Women's Styles,Narrow,Square,Two-Tone
a8771b60-0f9f-4da4-9fc5-f38f5bf06f22,Men's Styles,Narrow,Square,Black
1087709c-e97e-45ba-bc06-c907de40bec1,Men's Styles,Medium,Rectangular,Tortoise
9d5bb7e4-e4e2-4578-a74c-d33f6ac36541,Women's Styles,Narrow,Square,Two-Tone
15618784-1e14-456e-a009-f662ce47525f,Men's Styles,Medium,Square,Black
aa34dd51-0532-406d-a8d0-0fefe4a7af9c,Women's Styles,Medium,Square,Neutral
e5d54fc4-699e-49d6-9b81-21a717577302,I'm not sure. Let's skip it.,Narrow,Square,Tortoise
9f6d215e-b3fd-4f77-ac16-5ddbfe5c0edc,Women's Styles,Wide,Rectangular,Black
7e0a4de1-1e5f-4e9a-b49f-2d8121572646,Women's Styles,Medium,Rectangular,Neutral
1cd27840-5cd6-4d9d-86d4-ec0a254b1ec9,Women's Styles,Narrow,Round,Crystal
6f1541c9-3041-4289-bce1-ab8f62b53a78,Men's Styles,Narrow,Rectangular,Crystal
0d7e57cf-fece-48f3-b38a-b01ff53a8f55,Men's Styles,I'm not sure. Let's skip it.,No Preference,Black
410828d9-1901-4835-8373-ba614ca01a2a,I'm not sure. Let's skip it.,Medium,Rectangular,Neutral
ffef9d8c-7a8d-475d-a9b2-856b81c05b66,Men's Styles,Medium,Rectangular,Crystal
5bb1565b-eeed-4def-bae3-26c6b6d3a86e,Women's Styles,Medium,Rectangular,Black
89661603-5db3-4f35-bb82-169112338efc,I'm not sure. Let's skip it.,Wide,No Preference,Two-Tone
e94c72c8-7818-4b44-be9e-779a65773662,Women's Styles,Wide,Rectangular,Neutral
6d0a5867-c493-433b-b999-68eb2419b38d,Women's Styles,Medium,Rectangular,Two-Tone
572cbfa1-715c-4ad7-af98-47f2f125b323,Men's Styles,Wide,Rectangular,Tortoise
7b5dae9c-b17b-4717-9918-41669cc58e4d,Women's Styles,Wide,Rectangular,Tortoise
3ace7595-930c-4d37-aaf3-c8675131a20f,Men's Styles,Narrow,Square,Neutral
15f543f3-5631-448b-82f9-01a845316666,Men's Styles,Medium,Rectangular,Tortoise
10675530-34e9-4f4b-a90e-e4d0fd5ad63d,I'm not sure. Let's skip it.,Narrow,Rectangular,Black
bedef0cb-4b9b-4237-af94-da05ff7e0480,Men's Styles,Medium,Rectangular,Tortoise
47b60960-820c-4e77-8595-2e2e31d77182,Men's Styles,Medium,Square,Black
6b2c81f0-3d31-4f8c-ae3e-25998d487682,Women's Styles,Narrow,Rectangular,Black
39c04a22-3507-4148-a922-4450d4b38508,Women's Styles,Medium,Square,Crystal
b0f3e52a-afb6-4432-b27b-34546c480bb4,Men's Styles,Narrow,No Preference,Two-Tone
2cc56e4b-bad8-4d33-a908-045f776fbed6,Women's Styles,Medium,Round,Black
fdb05724-dc6d-4f31-bc1d-a91f7d93423e,Men's Styles,Narrow,Rectangular,Tortoise
c7887f7a-5964-4725-b39b-9fec5cf79ca4,Men's Styles,Medium,Rectangular,Tortoise
b6014928-103e-44be-a2a9-5012e8d557bd,Women's Styles,Narrow,Square,Black
10ab3931-e156-439d-8d08-9f9b8c613df8,Men's Styles,Narrow,Square,Crystal
ee2c37da-8ab2-4664-aa0f-f4e03471de99,Men's Styles,Medium,Rectangular,Tortoise
bc4b52fe-b445-4e3c-a867-169bac2888ae,Women's Styles,Wide,Square,Tortoise
d39c6e0c-1d64-4e57-b20b-f049353aafc9,Men's Styles,Narrow,Square,Tortoise
dce23cff-5f66-40e0-b952-ec4719ddc45c,Women's Styles,Wide,Rectangular,Black
32676677-61d3-4430-a94c-0e6313df79c0,Men's Styles,Medium,Round,Tortoise
c32d61c0-4fa7-466d-a546-350f4ab694f7,Men's Styles,Narrow,Square,Black
4a438820-5804-4dff-9222-c8599b19599e,Men's Styles,Narrow,Rectangular,Tortoise
6bd99636-214a-4819-892a-0dc305a27d22,Men's Styles,Narrow,Rectangular,Neutral
82820b36-4428-4ec1-9385-8f61fb355615,Men's Styles,Narrow,No Preference,Tortoise
61694eaa-6d89-4d69-a395-141e97ffb5f8,Women's Styles,Narrow,Rectangular,Crystal
51290372-8238-47c2-8888-36307bd0d76a,Men's Styles,Narrow,Square,Tortoise
330a14d8-0258-444a-a3e3-316aa6d107dc,Men's Styles,Narrow,Round,Tortoise
ac792b7a-af34-4bdb-936f-8aa5551430d6,Men's Styles,Narrow,Square,Black
f7ef84b7-2c32-42bc-afe9-762d0ebad2d9,Men's Styles,Medium,Square,Black
7d499e29-4c97-420e-81ef-a7770b5a8e6a,Women's Styles,Wide,Rectangular,Crystal
d0a87b89-d470-4324-8f89-2ee92428249e,Men's Styles,Narrow,Square,Crystal
cd2e8717-9938-44bd-9775-729e48937905,Women's Styles,Wide,Round,Tortoise
4c89e8fc-db36-4225-8c09-e8ada8594055,Women's Styles,Medium,Rectangular,Tortoise
031e61fc-7d7a-49e7-80ac-00bbdd98f40b,Women's Styles,Medium,Square,Tortoise
d1d2936e-07ec-4e40-a43e-fbd4d0f28082,Men's Styles,Wide,Round,Black
858b658f-5121-45a1-92d4-1a17b3ab3797,Women's Styles,Wide,Round,Tortoise
ad771ca1-3ff4-4b52-a8b3-cd1a91f34395,Women's Styles,Narrow,Rectangular,Black
a422cb99-6f62-4033-bdfc-c38b55d733c1,Women's Styles,Medium,Rectangular,Crystal
ecf87c46-9bbd-4b3e-a30b-12a951c19f6a,Men's Styles,Medium,Rectangular,Black
875670e0-afc0-466f-ab57-3b791189c3c0,Men's Styles,Medium,Rectangular,Black
af4ff78e-3a6c-498b-9696-64a1676aabea,Women's Styles,Narrow,No Preference,Tortoise
9abf5ab9-30e4-4e26-bfb4-685e8174e245,Women's Styles,Narrow,Square,Two-Tone
f926c9d5-1ef6-4a61-8e9c-8fb30a3d43ea,Men's Styles,Wide,Rectangular,Crystal
97bacd9b-5fa3-4317-9ad1-82e9b0414622,Men's Styles,Medium,Square,Black
add0c666-b6fa-4694-b983-6d761ab2f297,Men's Styles,Narrow,Rectangular,Tortoise
b7c5d97b-6a9f-4c08-a2e2-0b887879ba96,Women's Styles,Narrow,Rectangular,Two-Tone
986929b4-455c-4aa7-84c6-380d3c6bbc98,Women's Styles,I'm not sure. Let's skip it.,Rectangular,Two-Tone
65264385-2382-4318-bd40-48f042c9fec5,Men's Styles,Medium,Rectangular,Two-Tone
eef22bcc-58f4-44bf-b24e-d944be38666f,Women's Styles,Narrow,Round,Black
7aab7cb6-6b8a-400a-8dfc-68cca8ddc237,Women's Styles,Wide,Rectangular,Tortoise
17d1f309-3336-457b-8652-7e280925d6d9,Women's Styles,Medium,Rectangular,Two-Tone
65d6a0ac-e1b8-4401-b96d-06bc6a418833,Women's Styles,Narrow,Square,Tortoise
adcdcb92-1579-4b4a-a4d8-d2174ce13f58,Men's Styles,Narrow,No Preference,Tortoise
bacc11a7-b59f-430c-b9ae-72b79d69991c,Men's Styles,I'm not sure. Let's skip it.,Square,Two-Tone
80d91230-06d0-467c-8d6b-035e0f5f5d9e,Women's Styles,Medium,Rectangular,Neutral
63bf5d2c-7dc4-4b85-baa0-6d60fbd1e42b,I'm not sure. Let's skip it.,Wide,Rectangular,Crystal
684988d7-1029-4a31-bdf6-533002adbc0e,Men's Styles,Narrow,Rectangular,Tortoise
adc2de4f-403e-4931-91f5-d52d6c67e5f9,Men's Styles,I'm not sure. Let's skip it.,No Preference,Crystal
3dd998e7-87b7-4e0d-b02f-c4fa054d444b,Men's Styles,Wide,Rectangular,Tortoise
a268d3c9-4295-4028-b9a9-6c02038d3b33,Women's Styles,Narrow,Square,Tortoise
7b0dc197-3ceb-4e79-8353-c896ebaf3b68,Women's Styles,Medium,Square,Tortoise
e0518db8-c4c3-4392-86b9-b823aff7d166,Women's Styles,Wide,No Preference,Neutral
2ee7a146-c11b-4c56-bbc8-d3bff5974816,I'm not sure. Let's skip it.,Medium,Rectangular,Crystal
b7fa2651-a973-474e-8992-f2d367ff46f0,I'm not sure. Let's skip it.,Medium,Square,Crystal
8a9f51c5-18a2-43ab-ae54-623af65e0093,Women's Styles,Narrow,Rectangular,Neutral
a1a5bea8-80b5-4abe-9be1-ea3e82fc35e4,Men's Styles,Narrow,Rectangular,Two-Tone
2f30c548-a367-485c-81bd-e3efae01f449,Men's Styles,Wide,Round,Neutral
4523cf18-773a-443c-8b15-d5c91fdff988,Men's Styles,Wide,Square,Crystal
5b8c595e-70e0-45a2-938a-1fe1c729cd6c,Women's Styles,Narrow,Square,Tortoise
33d0ba24-fa10-4769-8c8f-79125482f0f5,Women's Styles,I'm not sure. Let's skip it.,Round,Two-Tone
fb2dcd59-410d-4b0d-8d5f-674723f7c204,I'm not sure. Let's skip it.,Wide,Round,Neutral
1fb7807d-21c5-40db-9632-58fea147adad,Men's Styles,Narrow,Square,Tortoise
6e8ff56d-c63c-43a5-ad0c-482f9c46a629,Women's Styles,Narrow,Square,Neutral
f9665659-5c90-46d7-b940-500598298938,Men's Styles,Medium,Rectangular,Neutral
ac8024c3-0047-4ae8-b3ec-9b4b8c88cca2,Women's Styles,Narrow,Square,Tortoise
fa602c83-4493-42d0-85fa-4b069cc23578,Men's Styles,I'm not sure. Let's skip it.,Rectangular,Tortoise
d930b073-ae0b-4556-8ad9-17a9fef8629c,Men's Styles,Narrow,Rectangular,Black
f47079ce-fef6-4bec-b8ed-7d44ddea6abf,Women's Styles,Wide,Square,Black
4d895ccf-4877-4f13-8183-13d7d0a20a47,Men's Styles,Medium,Square,Tortoise
c70374f7-e3a1-4636-a385-7a333d344347,I'm not sure. Let's skip it.,Medium,Square,Tortoise
3cf149b9-fb94-4334-8d8c-50c2dcdb1979,Women's Styles,Narrow,Rectangular,Black
9b937f53-5751-4770-b27e-4e915ccae1e1,Women's Styles,Narrow,Square,Crystal
096030ee-6364-441a-8209-4fa61249bfa3,Women's Styles,Narrow,Square,Neutral
e37a84b7-6c05-4eae-8a24-8b30656caaa6,I'm not sure. Let's skip it.,Wide,Rectangular,Crystal
9ceabd80-38ce-4c64-9ba6-d136e7a7f5fa,Men's Styles,Wide,Round,Tortoise
bfac2100-6a7d-4c5f-8a21-f15a2c2869a9,Men's Styles,Medium,Rectangular,Tortoise
ac3583b8-b176-421d-9a14-f263cab2e07c,Men's Styles,Narrow,Round,Neutral
0d403af1-59fd-48bc-8e97-5a6835c4bb78,Men's Styles,Wide,Square,Neutral
99f1fad4-5142-45fd-a122-6185eadabf38,I'm not sure. Let's skip it.,I'm not sure. Let's skip it.,Square,Tortoise
f0e3b59b-8df2-45ce-aec3-1aa422c08012,Women's Styles,Medium,Rectangular,Crystal
29728f35-999e-4f28-bf77-23dbd1291706,Women's Styles,Wide,Square,Tortoise
2a09b682-4862-456d-afc4-6051917052ca,I'm not sure. Let's skip it.,Medium,Square,Tortoise
214f5b7c-b8a4-45bb-8069-11aa25eb9193,Men's Styles,Narrow,Rectangular,Neutral
b8625486-29e9-4ae5-84bf-490eb2dfe4b9,Men's Styles,Medium,Rectangular,Tortoise
ab86470d-c728-4ec8-819c-7bb2e983a0fb,Women's Styles,Medium,Rectangular,Black
a6fd442f-d524-4e6f-a798-d8ed3abf0588,I'm not sure. Let's skip it.,Medium,Square,Black
fe681383-d229-479d-bdf0-b0ef9c5a61e9,Women's Styles,Narrow,Round,Black
0637ca12-61f3-45f1-95e9-4e1a860c1555,Men's Styles,Wide,Rectangular,Black
33aa06cd-58e2-4edb-991b-b5c0e00605fb,Men's Styles,Narrow,Rectangular,Crystal
321e7144-4d4a-4822-a0cf-acdf603dad17,Women's Styles,Medium,Rectangular,Black
d356d696-557d-4e0a-a0c8-20018076757c,Women's Styles,Medium,Rectangular,Tortoise
086c23cf-524d-44a4-9c8b-09eb6cf59815,Women's Styles,Wide,Square,Crystal
a56c3b5b-d5e4-4356-81e6-10987524af7c,I'm not sure. Let's skip it.,Narrow,Rectangular,Neutral
8f076ce6-db31-4793-b432-ef4e42a9b718,Women's Styles,Narrow,Square,Black
83bd7767-2051-4631-8abd-23336d464449,Women's Styles,Medium,Square,Crystal
8ec3d376-05a7-4dcc-86a6-2ebc297df034,I'm not sure. Let's skip it.,Wide,No Preference,Tortoise
9c3bc610-fd41-4809-ab96-48762535078a,Women's Styles,Medium,Square,Tortoise
e8ce810a-633d-4ba7-9a0b-7641f4d77c0c,Men's Styles,Medium,Rectangular,Black
b239586f-df0c-4820-aa13-83529d76e748,Women's Styles,Wide,Square,Crystal
78305b6c-ff29-4d63-af46-d8d2f69968d3,Women's Styles,Medium,No Preference,Tortoise
992f3b90-26c5-4b67-8ba9-884fe1b33a66,Men's Styles,Narrow,Rectangular,Two-Tone
d89e21e3-7e39-42e1-b5eb-0f1e174a6463,Women's Styles,Narrow,Square,Crystal
9b9338d4-3abb-4606-977f-1c6789fad555,Women's Styles,Wide,Square,Crystal
39e8a811-75b9-4dc3-bdff-c92b6db0431d,Men's Styles,Wide,Square,Tortoise
480e65fe-c8a0-4b3a-bfb4-7ce31be93d52,Men's Styles,Medium,No Preference,Neutral
7806cb6e-f0c2-4f48-af4b-86e5987efc24,Women's Styles,I'm not sure. Let's skip it.,Round,Neutral
9af6b30b-db58-48d8-931f-078b9f7ea8f0,Men's Styles,I'm not sure. Let's skip it.,No Preference,Black
e8c787db-58de-4233-b9ad-a3cf8a590928,Women's Styles,Narrow,Rectangular,Tortoise
a0e3360b-4290-4fb8-bb3c-f230b26636b4,Men's Styles,Wide,Round,Black
dfded8d9-97d0-485a-857e-df24e7d889ac,Men's Styles,Narrow,Rectangular,Crystal
aaff8acf-c027-40a0-a930-8934df4642df,Men's Styles,Narrow,No Preference,Tortoise
5591f777-ec64-412b-a05f-f9e5aa151e9e,Men's Styles,Wide,Round,Crystal
fdae74cd-c067-446e-89df-60176f693be8,Women's Styles,Wide,Square,Black
24ffbce6-5652-4c41-9dab-8b3d4555b8be,Women's Styles,Medium,No Preference,Black
2b3de4c3-ae42-4e8a-9b9d-e2576c02b0bd,Women's Styles,Narrow,Rectangular,Black
b6be50f2-a7fa-47b9-a715-359950b06228,Women's Styles,Medium,Rectangular,Neutral
41dc7669-c37d-40db-a96f-643371674f87,Women's Styles,Narrow,Rectangular,Black
44357709-380f-4db7-8d8d-9c8b24c826c8,Women's Styles,Narrow,Rectangular,Crystal
7151bd70-9da7-46e6-97a2-b50f292ed246,Women's Styles,Wide,Rectangular,Black
3443f3b2-580a-4faf-8d82-02d055969208,Men's Styles,Narrow,Square,Tortoise
42a10922-2d7d-44e6-961c-bfff8f464ff2,Men's Styles,Wide,Square,Two-Tone
022358a0-5cdb-460a-994c-5fea4c3e4ea9,Women's Styles,Medium,Square,Tortoise
02008d80-73be-47c6-962e-7342d53086fd,I'm not sure. Let's skip it.,Narrow,Square,Crystal
c1064eec-56f1-48f6-8e0e-5b73dce35c93,Men's Styles,Narrow,Square,Two-Tone
f4285aa7-d13d-4fb0-9c8a-a2ab8e250b30,Men's Styles,Narrow,Round,Crystal
e1747ed0-8412-424b-bd04-d5036757e225,Women's Styles,Wide,Round,Tortoise
5f94f182-889c-4730-bbf4-792258663a09,Women's Styles,Medium,Square,Crystal
80ab8d22-334b-435b-aa35-b0195cfca998,Men's Styles,Medium,Round,Black
f5bff18f-3132-4219-bf95-bd4cddc40ff2,Women's Styles,I'm not sure. Let's skip it.,Rectangular,Black
04f8b549-42ab-4de3-b332-a74317091867,I'm not sure. Let's skip it.,Medium,Square,Black
2e42bf7b-9f80-4973-a6fa-9b8d14e22e14,Women's Styles,Medium,Rectangular,Neutral
2607ec71-5e3f-41a6-9037-f4066d4876a4,Men's Styles,Medium,Rectangular,Tortoise
a66798e0-13f6-4335-8c37-4c1890f1b836,Women's Styles,Narrow,Round,Black
a92979ce-8dbf-457e-8a7d-c01700645afc,Men's Styles,Wide,Round,Black
e9198ac6-85de-470c-b8ed-19e95848bae2,Women's Styles,I'm not sure. Let's skip it.,Rectangular,Crystal
49ba0fe2-991a-4688-8ac1-377d1ad6cb34,Men's Styles,Narrow,No Preference,Two-Tone
d150f12c-0cf1-4278-b696-53c2ecf4b21b,Men's Styles,Narrow,No Preference,Tortoise
c07eb2b7-0c5e-4c6e-9b8f-13b16a4032b9,Women's Styles,I'm not sure. Let's skip it.,Round,Neutral
805e652f-d06a-4946-9038-405a61570495,Women's Styles,Narrow,Square,Neutral
e3aed48d-a940-4b25-a0e4-15a78f6a7cd2,Women's Styles,Narrow,Round,Tortoise
d3d77d84-6361-4d02-bd47-bc45e6ef6adf,Men's Styles,Wide,Square,Tortoise
6869ff00-3e8f-4d8e-aec0-c262bc42742d,Women's Styles,Narrow,Rectangular,Tortoise
7afb65b8-eea6-4307-9ba8-c02dfeca6d2e,Women's Styles,Wide,Square,Crystal
0261a9b6-4ee5-4347-b1ab-6216ba57075f,Women's Styles,Narrow,Round,Neutral
dd2d397f-1673-4eb6-a4c2-3f95a2e772cb,Men's Styles,Narrow,Rectangular,Two-Tone
9abca22e-fecc-47e6-8056-c466763ec90c,I'm not sure. Let's skip it.,Medium,Square,Tortoise
72df85b7-1369-4804-8cd6-6ac05bc50691,Men's Styles,Medium,Square,Crystal
c40bddb5-8455-4d75-8298-a84f1fe87d53,Men's Styles,Narrow,Square,Crystal
968d3a5e-d235-4617-9fb7-0d6bccf89733,Women's Styles,Narrow,Round,Neutral
9d419454-c89d-416d-ae04-ffc6dc4b24d8,I'm not sure. Let's skip it.,Narrow,No Preference,Crystal
1a2e8ed1-6c75-448b-988c-e9d5b7656ed8,Women's Styles,Wide,Round,Tortoise
b826481f-f12d-4d61-ae91-e2bf76c6dc39,Men's Styles,Narrow,Round,Two-Tone
20feec8f-33da-4fad-949a-91b3f482bb8b,Men's Styles,Narrow,Rectangular,Neutral
fcfd74ec-90b4-4efd-b7ec-a2087cda1af8,Men's Styles,Medium,Rectangular,Crystal
1c75fd22-ad00-4334-af08-e8d36ce1c22d,Women's Styles,Medium,Square,Black
f77e8858-8af1-455f-8ac6-db603219b1e7,Men's Styles,Narrow,Square,Tortoise
d8240627-aaa6-4fab-a1c3-aae978ecd53d,I'm not sure. Let's skip it.,Narrow,Square,Crystal
960a8643-e511-4eaf-ab7e-f68cdd76ab29,Men's Styles,Medium,Square,Black
d5b8a8ef-0e15-4b8b-8d47-e038fddbe2f5,Women's Styles,Medium,Square,Tortoise
abf0006c-b915-4d87-b501-78194dc53266,Men's Styles,Narrow,Rectangular,Tortoise
5ec1b242-e07f-43e8-b2cb-6bd034703394,Men's Styles,Medium,Round,Tortoise
b491f67b-8e11-47e2-9e70-e58ce4a9c9f7,Women's Styles,I'm not sure. Let's skip it.,Rectangular,Black
88feca68-e439-4b4e-8c9d-496f83082b4b,Women's Styles,Narrow,Square,Black
d0988040-eb54-47aa-82b2-8acec95aa122,Women's Styles,I'm not sure. Let's skip it.,Square,Tortoise
31793604-513b-4585-bcbf-a5c8d4938144,Women's Styles,Narrow,Square,Tortoise
6e4ce66a-0636-4c09-aa94-8ec2da28050f,Women's Styles,I'm not sure. Let's skip it.,Rectangular,Tortoise
45ed80d3-6819-4c83-9af4-d7fe00594d6c,Men's Styles,Medium,Square,Tortoise
cebbcb16-79b8-4742-85e2-7195b32bae87,Men's Styles,I'm not sure. Let's skip it.,Rectangular,Tortoise
b2003adf-e205-4da7-ab73-659a29c986a4,Men's Styles,Wide,Rectangular,Black
7a0f4ea2-3392-4ca7-bb82-d5c1f4575807,Men's Styles,Narrow,Rectangular,Tortoise
655b9f0c-64b4-4d04-8b81-4a5223ace1d2,I'm not sure. Let's skip it.,Narrow,Round,Crystal
2a2d5815-e49a-4aff-bc0b-2874be30d076,Men's Styles,Wide,Round,Crystal
9ee76606-f2f2-4f09-8615-8847d1b28cdc,Men's Styles,Medium,Round,Black
d816f884-ce17-4374-bd37-95ac406f34c5,Men's Styles,Wide,No Preference,Black
8cc09630-9cd2-40ed-9eed-c54a67d3b58d,Men's Styles,Medium,Rectangular,Two-Tone
13f89993-381d-402e-a22d-a3bd51e8a701,Men's Styles,Medium,Rectangular,Tortoise
5c299a77-108c-4e05-a441-8fb2a71f4cfb,Men's Styles,Wide,Rectangular,Black
de562053-892f-4730-bd6a-be3e2c1f42e9,I'm not sure. Let's skip it.,Narrow,Rectangular,Black
0490851c-b26f-412e-9004-b1a58f799459,Men's Styles,Narrow,Rectangular,Crystal
dd5e7acb-ae7b-41be-9b05-470f0a3bbb8a,Women's Styles,Narrow,Square,Black
fdf35090-5080-4d90-9204-7af788268837,Women's Styles,Medium,Rectangular,Black
97657049-f9e2-4618-abc7-4fc36c5bbba7,Men's Styles,Medium,Square,Black
27fa4dc5-fd79-4f05-82b9-ddcc5ca1cf50,Men's Styles,Narrow,Rectangular,Black
0c499b11-e4f5-4c2b-87d3-7d94aabeb984,Women's Styles,Medium,Square,Black
3b0defc8-b6ad-44f4-a398-7e7f84f07fd2,I'm not sure. Let's skip it.,Narrow,Round,Black
9f443bfb-f37e-455c-ab44-6c07c8cf7122,Women's Styles,Narrow,Rectangular,Tortoise
39fe1b9f-caae-4985-ad6e-0df929e1d8f5,Men's Styles,Medium,No Preference,Black
0bd5ab3d-a4c9-4cdb-a2ef-ef3d2c5e2db0,Women's Styles,Medium,Round,Tortoise
d5f82131-d8f7-4a24-afa3-83e8fc156cf3,Men's Styles,Medium,Rectangular,Black
f8fde183-bd43-4239-a9b7-6b3a7d7e75d6,Women's Styles,I'm not sure. Let's skip it.,Rectangular,Neutral
803f65fb-ee77-40c9-bc00-76654838c58a,Men's Styles,Medium,No Preference,Tortoise
16560039-dac8-4ea4-871c-caf79ff02ca9,Women's Styles,Wide,Square,Black
88cd98bb-9434-49ad-82b0-bb1ae6112d7d,Women's Styles,Wide,Square,Two-Tone
844ac92f-4a11-4bfb-bcf7-182b2797c660,I'm not sure. Let's skip it.,Narrow,Rectangular,Neutral
c0996b5c-7fb0-4581-af07-bc55d5865c19,Men's Styles,I'm not sure. Let's skip it.,Square,Tortoise
3bc8f97f-2336-4dab-bd86-e391609dab97,Women's Styles,Narrow,Round,Neutral
7cda54ad-e7a2-43cb-9e98-866a93690746,Men's Styles,Narrow,Round,Black
66545b2a-a45a-46fd-9e02-f8a891bd7a0c,Men's Styles,Narrow,Rectangular,Two-Tone
33aab87c-ab61-4bd9-af4d-3e5a97202dbf,I'm not sure. Let's skip it.,Narrow,Round,Black
02bd0f5a-3f04-4902-b005-82188b07785f,Women's Styles,Medium,No Preference,Black
bd89b0b6-c0d5-4b14-8677-39edc7086422,Women's Styles,Medium,Square,Crystal
0a22fb65-63de-4381-9da7-057e1ec8c5c3,Men's Styles,Narrow,Square,Tortoise
dcd5fd65-94be-4ba9-87ff-42d55637bbae,Women's Styles,Medium,Rectangular,Crystal
c793ce00-c0db-4eb0-a9c5-2ca446f6522e,Women's Styles,Wide,Rectangular,Tortoise
09dec8d4-fa25-494b-9808-bd0aa15d9dd6,Men's Styles,Wide,Rectangular,Two-Tone
21343435-b205-463b-8159-35965866aae6,Men's Styles,I'm not sure. Let's skip it.,Round,Black
871c9636-4eef-4ec0-bea0-8ded21caaeaf,Men's Styles,Wide,Rectangular,Crystal
978e93eb-22d7-4abc-86cd-cad535f476b4,Men's Styles,Narrow,No Preference,Black
02655991-0f5e-4e4f-90b0-d2ea3d07c7cb,Women's Styles,I'm not sure. Let's skip it.,No Preference,Tortoise
12a5989c-6570-4ae3-8ed2-a7cb5ea9a401,Men's Styles,Medium,No Preference,Tortoise
bf318ab8-b3b2-4555-8e15-d7c102472f60,Women's Styles,Narrow,Square,Crystal
8da17b5e-4f0a-4e38-9ce2-4376cecc6449,Men's Styles,Medium,No Preference,Two-Tone
4fdc6b73-08e7-4238-b317-2e4b99e4b04c,Women's Styles,Narrow,Round,Black
01fdf106-f73c-4d3f-a036-2f3e2ab1ce06,Women's Styles,Wide,Square,Neutral
62289618-9d4e-428d-885c-8c676ff534bf,Men's Styles,Narrow,Round,Crystal
3b29b014-d14b-479e-a1d3-40c7546a9a49,Men's Styles,Medium,Round,Neutral
8aeb7af7-ff00-44f5-a4b9-d0170844fcd4,Men's Styles,I'm not sure. Let's skip it.,Rectangular,Crystal
99c3fec7-c618-4dea-a040-719367c19acd,Men's Styles,Wide,Round,Tortoise
ab7b623a-adcd-4769-8419-6df27e54f4d2,Women's Styles,Wide,Square,Two-Tone
2b2ca6df-c058-4ab4-a054-c0b57d943cb3,Men's Styles,Wide,Round,Tortoise
7f6c554c-eb1f-45f8-98d0-7eda81b4cc0e,Women's Styles,Wide,Square,Crystal
716c075d-31a5-4ebe-89ff-3442e35dbba5,Women's Styles,Wide,Square,Black
e67fb87b-cf6e-459d-b9be-7739e655096e,Men's Styles,Narrow,Square,Two-Tone
9eb5874d-f5d6-4688-9915-c438bd34fe2f,Women's Styles,Wide,Rectangular,Tortoise
ece62c0e-15e7-43f3-8f14-da8f73386758,Women's Styles,Narrow,Rectangular,Tortoise
dd5bd118-d8bc-4020-ac98-d4647b7c9569,Men's Styles,Medium,Square,Neutral
50bbf9d1-b7bb-4f42-8604-e2c7ac9add5f,Women's Styles,Narrow,Square,Crystal
421b4f3d-8824-4d3d-b225-214f6a6193dd,Men's Styles,Narrow,Square,Black
81c53cc4-a440-42a9-aec0-5f55052110ec,Women's Styles,Wide,Rectangular,Two-Tone
60fc68dd-3e94-49b6-90aa-669b8b189f85,I'm not sure. Let's skip it.,Narrow,Square,Black
a515b5ab-a955-4992-be1d-2af70ce95144,Women's Styles,Wide,Square,Black
f52b07c8-abe4-4f4a-9d39-ba9fc9a184cc,I'm not sure. Let's skip it.,Wide,Rectangular,Crystal
358e3fa5-7e91-46d9-8564-982fbc3789db,Women's Styles,Narrow,Round,Tortoise
b429fe52-1caf-4fd7-ada1-9ff955769156,Women's Styles,Narrow,Rectangular,Black
597c28cb-4039-4aea-93c5-d8e3d00da83f,Men's Styles,Medium,Rectangular,Two-Tone
03c6176f-d770-407b-b9cf-24ea046fb01d,Men's Styles,Medium,Rectangular,Tortoise
a1d0a19b-3cad-42f7-823f-9de753f98ace,Men's Styles,Wide,Square,Crystal
d58d68e7-eeaa-4902-96dd-b28343e5d68d,Men's Styles,Narrow,Round,Black
3cef62b4-3164-4bcf-9963-ddf196d4f701,Women's Styles,Narrow,Rectangular,Crystal
1a0ee7db-5ab8-429f-9f30-d56e3389b88f,Men's Styles,I'm not sure. Let's skip it.,Round,Tortoise
448be0b6-bdf9-45d1-8b46-2ea4d57dd77d,Men's Styles,Medium,Round,Two-Tone
0c507d49-2f39-47e8-bc21-839ccdce00f0,Men's Styles,Medium,Square,Tortoise
6419bf9b-0e8a-48e8-a39a-c3e63722e9db,Women's Styles,Wide,Rectangular,Tortoise
18fa2ca5-9f84-4933-ab27-822ddaf4d75a,Men's Styles,Medium,Round,Tortoise
71d26ce7-efee-4a85-8866-96d6639674bc,Women's Styles,Medium,Round,Crystal
8e8f1507-8d2a-4be3-8730-5131ec1880d3,I'm not sure. Let's skip it.,Medium,Square,Tortoise
9eb4d4b8-4a30-43a7-9a14-d78138d812cf,Men's Styles,Medium,Square,Neutral
7c9b074c-bd4b-4396-ae48-e6992dc283c5,I'm not sure. Let's skip it.,Narrow,Square,Tortoise
13c7b86b-7bf8-4947-b97a-15b824ac4ea9,I'm not sure. Let's skip it.,Narrow,Rectangular,Crystal
8bd7826f-9c85-426b-a99b-1ce90d7ffcad,Women's Styles,Narrow,Rectangular,Neutral
5a933572-44e5-4ebc-9ac0-fd609af89593,Women's Styles,Medium,No Preference,Crystal
ab562202-77b2-4fb3-ad0d-757f3a01fc24,Women's Styles,Medium,Round,Tortoise
542419e3-dc03-4159-b4a8-9d32dd7367db,Men's Styles,Medium,No Preference,Tortoise
30c5747c-51ae-40c1-af01-25c35e6e55c0,Women's Styles,Narrow,Round,Crystal
a66ce150-52e3-4fff-800a-881e75394ea2,I'm not sure. Let's skip it.,Wide,Rectangular,Tortoise
d1390c4a-adbc-4a56-8f95-d00160abd119,Men's Styles,Medium,Rectangular,Black
64330597-8e3d-46ec-9111-c1d67d17ca53,Men's Styles,I'm not sure. Let's skip it.,Square,Tortoise
bead8da8-a50c-498d-bfed-eb840813bf16,I'm not sure. Let's skip it.,Narrow,Square,Black
ee947132-8c9e-43e0-91c7-e4a96f01900d,Women's Styles,Medium,Square,Tortoise
9241a656-f564-41e7-b0a3-8d22c6fc4412,Women's Styles,Medium,Rectangular,Tortoise
f3f7acf2-5d96-4d4c-8c6e-50cef2a189d2,Men's Styles,Narrow,Round,Two-Tone
ccf6dbb4-605d-4fe1-99c5-bc4a8ca095d9,Women's Styles,Medium,Round,Neutral
4be27bc7-f480-4709-8d89-59dfb2382fbf,Women's Styles,Wide,Rectangular,Tortoise
b6e18327-27a3-454a-9337-c9b5c465ba76,Women's Styles,Wide,Rectangular,Tortoise
61fafde7-1903-48e3-95e3-ca3ea3d60153,Women's Styles,Wide,No Preference,Neutral
437cd4a8-75af-42a8-98b7-f15bf5f27259,Men's Styles,Medium,Rectangular,Tortoise
c069f5e1-d479-41d4-986a-d9ab6e857a1f,Men's Styles,Narrow,Square,Crystal
1961a982-e720-4d4e-a2a5-1a4135b5e2af,Men's Styles,Narrow,Square,Black
19c1ac7c-5475-4782-9157-db01edbafcbb,Women's Styles,I'm not sure. Let's skip it.,Square,Black
2a05d85e-7e94-470b-a301-8ad10d65d0fe,Women's Styles,Medium,Square,Tortoise
592498b4-6816-490e-8bf0-52ed3ba951f2,I'm not sure. Let's skip it.,Narrow,Rectangular,Black
925c6109-a94b-4b08-85da-beed8cf1ed5a,Men's Styles,Medium,Rectangular,Black
14a82d7b-1068-425f-bc1c-de1d54e81f4e,Men's Styles,Narrow,Rectangular,Two-Tone
7965fcad-6f14-41ed-9a1f-61580c9cd665,Men's Styles,Wide,Rectangular,Tortoise
b00cf3e8-2e2d-4a15-a336-e29e27394780,Women's Styles,Medium,No Preference,Black
f9d59208-2947-4cc2-9664-d0138c81a277,Men's Styles,Narrow,Rectangular,Tortoise
85d8e0ef-ac5d-4a7e-ad21-450ae3d30f0c,Women's Styles,Medium,Round,Black
8db35a85-53d7-4c3b-9c67-05eafcb4d5a8,I'm not sure. Let's skip it.,Narrow,No Preference,Black
2f1d8f84-0ec7-423d-864c-b3058bd42c17,Women's Styles,Narrow,Rectangular,Black
cac537de-6154-4c23-a14a-0581d38be44e,I'm not sure. Let's skip it.,Medium,Rectangular,Tortoise
05959785-c3c2-4f6d-87e7-7823813e4632,Women's Styles,I'm not sure. Let's skip it.,Square,Tortoise
36a53a49-23d9-47d0-9418-4658e9640af7,Women's Styles,Medium,Square,Crystal
81331864-d57a-42b7-b648-449452899cdb,Women's Styles,Medium,Rectangular,Neutral
b8670f3b-88f2-4b94-8039-18ae10dd22c9,Women's Styles,Narrow,No Preference,Tortoise
6a440277-e384-4c8f-b350-0d28fdb8512e,Men's Styles,I'm not sure. Let's skip it.,Square,Tortoise
4c99ad21-71a6-494c-a8b6-0186d4c5abf6,Men's Styles,Medium,Round,Tortoise
c70e9be0-7c3b-45e6-851c-e35891c1e29c,Women's Styles,Narrow,Round,Neutral
5a0d8571-ea82-4ea9-adb1-08b813486a3f,Women's Styles,Wide,Square,Tortoise
c46bf262-52f7-4adb-91f1-fd98c7a4e00f,Women's Styles,I'm not sure. Let's skip it.,Round,Tortoise
3abf7ee9-1581-482b-9545-b7e871dfc77a,Women's Styles,Medium,Rectangular,Crystal
8cb0b822-8f63-42f5-a8f0-ae1890b80a65,Women's Styles,Narrow,Round,Crystal
191825f0-b4d5-49c1-ac99-0f952f61ddb1,Men's Styles,Medium,No Preference,Two-Tone
c24be6ca-defc-47fb-8e94-df8259fb4a8b,Women's Styles,Medium,Square,Black
59adf376-1541-44ff-b494-a40b2ba3f849,Men's Styles,Narrow,No Preference,Black
646eb0c2-7c93-4b1d-8b46-3ec5484c0048,Women's Styles,Narrow,Round,Crystal
3fdcd3da-7bbd-47c9-bd24-38e7a07ca180,Men's Styles,Narrow,Rectangular,Crystal
25c5bb31-2100-46f6-8a4a-ad6acd67552f,Men's Styles,Narrow,Square,Black
ea7168bd-45c0-4b88-b8f2-326412e2edca,Men's Styles,Narrow,Rectangular,Neutral
238d8ab6-12f9-47a9-bb08-2df9c23c26d4,Women's Styles,Medium,Square,Tortoise
5d0febcc-e696-4213-9ce8-9f297bcbdc59,Women's Styles,Wide,Round,Tortoise
08597fb8-3c68-4291-9e15-55ba0b06546d,Women's Styles,Narrow,No Preference,Tortoise
805fc874-23db-45be-88aa-8f53bcf07f09,Men's Styles,Narrow,Rectangular,Tortoise
c6506c5a-6cc7-4848-8c63-866d44a29a1c,Women's Styles,Medium,Rectangular,Crystal
194a134a-a052-4ce6-ac6c-d8d942e7269e,I'm not sure. Let's skip it.,I'm not sure. Let's skip it.,Square,Crystal
2a552ec1-34a1-4c26-b99c-d2639a3c96ee,Men's Styles,Narrow,No Preference,Tortoise
2e3e3236-89fd-4e09-a4c9-babf7675819f,Women's Styles,Narrow,Square,Crystal
b6bc995f-64ae-4b20-9807-8f1c3287b15f,Men's Styles,Medium,Square,Neutral
0a8289a8-ef28-4d59-a6df-178d9cf88495,Women's Styles,Wide,Square,Tortoise
a3315566-a9a1-4127-b42a-3b210d49b9a3,Women's Styles,Narrow,Rectangular,Tortoise
03d9a07f-91df-469a-a459-b36f66258f00,Men's Styles,Medium,No Preference,Two-Tone
06944ab6-a64b-4c89-9269-c8990171cd73,Women's Styles,Medium,Square,Black
ada962c1-1780-4628-af20-c1e4204a68c0,Men's Styles,Narrow,Round,Black
c27fd35c-3b33-4fae-b786-5da6a6c104f8,Women's Styles,Medium,Rectangular,Two-Tone
a26c042c-feb9-4f3d-acb5-022e4e330271,Women's Styles,Wide,Round,Crystal
3eb7f7ba-ae0c-4609-863a-d5a651c54b54,Women's Styles,Narrow,Square,Black
26696fdb-68a3-4e82-920b-360e8a17d662,Women's Styles,Wide,Round,Black
7ea4fde4-c743-4e19-907a-784a4d3178ac,Men's Styles,Medium,No Preference,Neutral
09aceef1-70b2-4d01-b95a-ab89c42595a1,Women's Styles,I'm not sure. Let's skip it.,Rectangular,Crystal
5bf49278-2b8d-4e22-a0fa-4c001ae4b453,Men's Styles,Narrow,Rectangular,Black
5d399a67-3bb6-4e6e-8c0b-3d7004f5d629,Women's Styles,Narrow,Round,Black
adc07b48-f853-4942-94b4-5cfc7c905420,Men's Styles,Narrow,Round,Tortoise
c6cf7fc9-5730-47bd-8031-3aecc2d8dd52,Men's Styles,Medium,Square,Tortoise
4efc9d20-5bdd-4f9f-b2de-04b2f53a1d18,Men's Styles,Wide,Rectangular,Two-Tone
85a53c6e-3c99-41f3-b79a-07c65ad6bdbe,Women's Styles,Narrow,No Preference,Tortoise
5c2067be-cf63-465b-b72c-73dd3ae73b98,Women's Styles,Medium,Square,Tortoise
311ab009-bb5c-44b2-9330-6b5b88163c9f,Men's Styles,Wide,Rectangular,Tortoise
8af77d75-a7c9-4911-9026-c295cf9f614c,Women's Styles,Narrow,Rectangular,Neutral
d55bd274-cdf6-481d-b9da-c4709b7928b6,Women's Styles,I'm not sure. Let's skip it.,Round,Crystal
1627312b-2852-4a4e-8258-d046facaeeb2,Women's Styles,Narrow,Rectangular,Two-Tone
6816bdc3-daed-403c-b34a-a23ab279f3be,Women's Styles,Narrow,Round,Tortoise
1fd92f7c-7563-4b9d-a5cf-0fa1b2010aa1,Men's Styles,I'm not sure. Let's skip it.,No Preference,Black
834d4996-6486-4596-879d-fcff96d0b6db,Women's Styles,Wide,Square,Tortoise
35818d70-0add-4f24-88bf-b0bbbb22061d,Men's Styles,Narrow,Square,Crystal
2f2740b0-6459-4312-ae14-a359b4449c9a,I'm not sure. Let's skip it.,Medium,Rectangular,Two-Tone
9202b128-ba4f-4907-beaf-a1211f08388a,Women's Styles,Narrow,Round,Black
90d66f32-e42a-4235-8698-f38cbfdb6c1a,I'm not sure. Let's skip it.,Narrow,Rectangular,Tortoise
914ac629-2d7c-4341-8689-1f7a4950fb3d,Women's Styles,I'm not sure. Let's skip it.,Rectangular,Black
89d4adad-6aa4-496f-8b3e-4be84c35473c,Men's Styles,Narrow,Rectangular,Black
62007d9e-cbee-4d79-9ae1-98b0a52abc02,Women's Styles,Narrow,Square,Tortoise
8aedc5be-b0d6-4513-9a2c-b07f8c94ebd7,Men's Styles,Wide,Rectangular,Crystal
cc943a7f-03ff-4dee-bc20-149e8b621899,Women's Styles,Wide,Rectangular,Crystal
fe223412-85f1-4a44-960f-6fec638842d7,Men's Styles,Wide,Rectangular,Tortoise
b9556d59-9f82-45ba-a278-81e5e3fc3106,I'm not sure. Let's skip it.,Narrow,Square,Black
26202451-4bd3-4253-9d1e-ff27ace3847c,Men's Styles,Narrow,Rectangular,Black
c69d09ca-76be-468e-b580-e5356824f9a2,Men's Styles,Medium,Rectangular,Black
665533b2-8ffe-48be-8bea-0e3900e0bede,Men's Styles,Wide,Square,Black
86fff76e-aea2-442a-afbf-f60b23a05541,Men's Styles,Medium,Rectangular,Crystal
00a9dd17-36c8-430c-9d76-df49d4197dcf,Women's Styles,Narrow,Round,Crystal
95885e6d-cb6f-4bfb-bb23-41432149192d,Women's Styles,I'm not sure. Let's skip it.,Square,Tortoise
0878bd66-657d-426b-a63f-19e0d8ef1b5b,Men's Styles,I'm not sure. Let's skip it.,Rectangular,Two-Tone
e3a4dc08-7657-4d65-810a-0b2003aaafce,Men's Styles,Medium,Rectangular,Black
671ef5d6-ee99-48f7-a78c-da648751c649,Women's Styles,Medium,Square,Tortoise
3f7d5ded-68d2-424c-b72a-2d3f8dbb8a0e,Men's Styles,Narrow,Square,Tortoise
be92a62b-e28f-498e-a579-1f6ba34d5512,Men's Styles,Medium,No Preference,Two-Tone
c25d0f4e-94ae-45b1-9d6a-2f0121a2fab3,Women's Styles,Medium,Square,Tortoise
f5112729-e204-4e92-81a7-150ba4c812e5,Men's Styles,Medium,Square,Two-Tone
e5e34030-2f19-4eed-a24f-e5ada4c4536a,Women's Styles,Medium,Rectangular,Two-Tone
9c1a587a-2ada-43cf-a4e3-2ced2f831021,Men's Styles,I'm not sure. Let's skip it.,Rectangular,Black
91e0f103-1135-4760-bac0-482303651990,Women's Styles,Narrow,Rectangular,Tortoise
1b9c8b0e-3b7a-4d57-b196-d53dd1b52c05,Men's Styles,Narrow,Square,Two-Tone
372416e4-f27c-4960-b32e-7d90991ddaab,Women's Styles,Narrow,Square,Black
a43564ec-1885-4a0d-a885-5355923f0d5b,Women's Styles,I'm not sure. Let's skip it.,Square,Tortoise
f59058c7-e800-48aa-86d7-5f5912ce753d,Women's Styles,Medium,Round,Tortoise
20773fec-7bee-4364-9132-ab292122ff16,Men's Styles,Medium,Rectangular,Black
6cb2953d-003d-4397-964c-7341e5afe84f,Women's Styles,Medium,Rectangular,Two-Tone
fa41d449-c690-4a5f-a782-bda7a9dbc662,Women's Styles,Narrow,Rectangular,Crystal
8833a482-9c4b-43aa-b0ac-d53cd3421eac,Men's Styles,Narrow,Square,Black
5fa8d6c2-0d2d-4689-9ecb-35743ec7be59,Men's Styles,Narrow,Square,Black
4b591cb4-b801-4738-870a-77cd186544ee,Women's Styles,Medium,Rectangular,Black
a923495e-b5a3-4b6b-b7af-029dc402e8f7,Men's Styles,Medium,Rectangular,Black
4f7cd365-c4d0-4eaa-ac5c-d82e476a974a,Women's Styles,Narrow,Rectangular,Tortoise
326f47c9-1617-4719-b36c-db90495706a8,Women's Styles,Narrow,Rectangular,Tortoise
a45df19d-a6a7-4e61-894a-e24fe5b03c98,Women's Styles,Medium,Rectangular,Two-Tone
2d4fd61f-54ad-4bb0-81f2-4cc070584ed0,Men's Styles,Wide,Rectangular,Black
1311759b-0ffa-4faa-a2ba-0c6f5eb603d7,I'm not sure. Let's skip it.,I'm not sure. Let's skip it.,Round,Black
7489dc66-18c6-4d33-98b0-b524811dc5d7,Men's Styles,Narrow,Rectangular,Black
33fe316d-05ad-4762-b98c-c5a7d56a2ab5,Women's Styles,Narrow,Square,Black
944c22d5-a820-4d0b-b905-3d607ebe2839,Men's Styles,Medium,Square,Neutral
306454c1-eba1-4607-a88f-044b6d76c250,Men's Styles,Medium,Rectangular,Tortoise
63b2e9c0-cebf-4013-b1c2-1a01476598c7,Men's Styles,Narrow,Round,Crystal
18a749f7-0d5b-4a7e-9786-8d67dd110ba5,Men's Styles,Narrow,Rectangular,Black
3bdf60d5-21fa-4bd5-a563-01255088cf7f,Women's Styles,Medium,No Preference,Crystal
c66639a4-db81-40bf-9724-9b4f340a7e9d,Women's Styles,Wide,Square,Black
a316316f-f2a6-4907-80da-8966984e09a0,I'm not sure. Let's skip it.,Wide,Rectangular,Two-Tone
716c918c-4271-498a-81eb-711d66f956b2,Women's Styles,I'm not sure. Let's skip it.,Rectangular,Tortoise
9747a5fe-53a7-49d8-a78b-73593313be2e,Men's Styles,Medium,Rectangular,Crystal
67f0cfc5-9fb2-4a2d-bda5-a2fae32ce77b,Women's Styles,I'm not sure. Let's skip it.,Square,Neutral
f5d7e70a-c5f6-4f97-becb-e2c77fa22fbd,I'm not sure. Let's skip it.,Medium,Round,Black
7dc1d704-ff9f-49c5-9cd9-2b9609953e9f,Women's Styles,Narrow,Rectangular,Two-Tone
ac80ab1e-acb8-45fb-abc5-4333f045e973,Women's Styles,Wide,Square,Tortoise
4e01eef7-2fe6-48fe-969c-6e7fe52234b7,Men's Styles,Narrow,Round,Tortoise
f055c951-3fff-476d-97d2-0d0615fb9271,Men's Styles,Narrow,Square,Tortoise
11a96484-df2e-46f5-8a76-7b6e6f91d3c8,Men's Styles,Medium,Square,Neutral
acd27473-3959-4472-b253-e9f351b762e6,Women's Styles,Medium,Square,Tortoise
586830e3-29a8-4885-9b09-26393fe72890,Men's Styles,Medium,Rectangular,Black
e86189f6-54ae-40f2-b9fb-c4bff706ce12,Women's Styles,Narrow,Rectangular,Tortoise
d004787c-07e8-4e4b-a3b0-470e466a1a82,I'm not sure. Let's skip it.,Narrow,Round,Black
1a0efe31-3d51-4c3f-ba3c-dbadef431651,Women's Styles,Narrow,Square,Black
531570fa-b9e3-4a96-8f3e-b67d9910aefa,Women's Styles,Narrow,Rectangular,Black
a4020ad6-201f-45b0-affc-085cd0f43cf5,Women's Styles,Medium,Rectangular,Crystal
6fbe5f5a-c0cb-4279-843f-458aa16ccbce,Women's Styles,Narrow,Rectangular,Tortoise
de482c6c-565c-4a4c-b55c-3513146fcfbb,Men's Styles,Wide,Rectangular,Crystal
017506f7-aba1-4b9d-8b7b-f4426e71b8ca,Men's Styles,Medium,Round,Two-Tone
3138f7e9-c03c-40af-bfda-69357ce0e6db,Men's Styles,Wide,Square,Neutral
43825a25-17a4-4093-8c80-42b9c9888365,Men's Styles,Medium,Round,Black
17e3fdcf-2f82-46ca-ac99-96675af1d512,Women's Styles,Medium,Square,Crystal
d56428e1-18d5-4c88-b379-9e8624b432d5,Men's Styles,Medium,Rectangular,Crystal
aabaeafd-5332-4ba2-8b6a-b04268fbe146,Men's Styles,Medium,Round,Tortoise
1c984407-1ee3-4add-991d-81a3fe8df8df,Men's Styles,Medium,Rectangular,Two-Tone
ad5ec48f-fa2b-4bed-bd23-928d7e412ccc,Men's Styles,Narrow,Rectangular,Crystal
e484736d-ba82-492b-a4de-f3e5fdf65f19,Men's Styles,Medium,Round,Crystal
5e368344-49e6-4be6-a825-d82e4575cc34,Women's Styles,Medium,Square,Crystal
99a1d627-92b7-4a68-818e-91b82edb5698,Men's Styles,Narrow,Square,Neutral
7e531b6b-7e28-4304-8f11-683f9d99a26f,Men's Styles,Wide,Round,Two-Tone
6550f53a-a399-46da-954b-91992badf918,Women's Styles,Wide,No Preference,Neutral
b61d955d-2cda-4d86-b3da-e0a235657c56,Men's Styles,Narrow,Round,Crystal
994799f1-e460-4d86-bf98-b39253fe390b,Women's Styles,Medium,Square,Crystal
f7270379-258f-4b13-abc7-9d8a05414817,Women's Styles,Narrow,Square,Tortoise
0e3e0879-33fc-450e-b6c1-12ffde3583d1,I'm not sure. Let's skip it.,Wide,Round,Tortoise
e8677e8c-eae7-4309-9d78-016be6546851,Men's Styles,Wide,Square,Neutral
2ef38748-aaa4-4f11-abb5-293fae554a22,Women's Styles,Wide,Square,Black
e3e09c37-9f13-458d-bb57-a24a4dd88ac1,Women's Styles,Narrow,No Preference,Crystal
b58bc670-d8a8-4826-8503-eb7e2e7d2c36,Men's Styles,Medium,Round,Neutral
6dda0609-01d4-46c4-98e9-24b8ff27dd2b,Men's Styles,Narrow,Rectangular,Tortoise
b4cbb2e0-c3c7-4330-b75c-7903e75f7296,Women's Styles,I'm not sure. Let's skip it.,Square,Neutral
d7f95870-7094-4f83-a3c7-a9a68af58d3f,I'm not sure. Let's skip it.,Narrow,Square,Black
4ea68e72-d90c-4a2c-a37d-f44eda66ad71,I'm not sure. Let's skip it.,Medium,No Preference,Neutral
4181cbcb-b659-4ad9-99be-f3774cc37314,Men's Styles,Narrow,Round,Two-Tone
b3fb08df-8cbc-4a2b-ba43-4f7a59ac129d,Men's Styles,Narrow,Rectangular,Tortoise
49069626-4d1d-4d13-8b2f-af76d84f461b,Women's Styles,Medium,Square,Tortoise
3e94f9cd-9995-4750-830d-066d23ee0059,Men's Styles,Narrow,Rectangular,Crystal
db8ca7bf-3bd3-44c2-bc85-dad47f29ac15,Women's Styles,Narrow,No Preference,Black
42a8bba5-af02-4edf-a6f1-41f2292fc92d,Women's Styles,Medium,Rectangular,Neutral
eb0d6228-e1e9-4f7d-b86c-406c1e1aa20b,Women's Styles,Medium,No Preference,Crystal
df050dce-4c07-4eca-b224-b0084ecf19af,I'm not sure. Let's skip it.,Medium,Round,Crystal
2926c32d-a98f-4f67-ab83-fe9e98e6a66f,Men's Styles,Narrow,Round,Black
22f75e57-c77b-49ee-ab7e-a80806fc6a3d,Men's Styles,Narrow,Round,Tortoise
9693c539-3286-4d2b-9abb-ef34813dc43a,Women's Styles,Wide,Square,Two-Tone
ba6faa6a-3df2-41c6-b108-30cf453cb481,Women's Styles,Narrow,Rectangular,Two-Tone
873bfff1-243c-4365-9167-487e7719e46c,I'm not sure. Let's skip it.,Narrow,Square,Two-Tone
0cd6a1a2-8f99-4303-81fd-69f31478ef09,Men's Styles,Medium,Square,Crystal
94d9d20a-0050-48e4-b50d-7b8072d6933d,Men's Styles,Narrow,Rectangular,Black
77d8aee5-d73a-4bbc-bde4-74f1dfebdf68,Women's Styles,Narrow,No Preference,Black
52d4dbe5-72f5-4bc6-a2bc-40ec134585d3,Women's Styles,Medium,Round,Crystal
902025cd-6827-45a0-9724-e6f28975d691,Women's Styles,Narrow,Rectangular,Two-Tone
7a678950-7e27-4d4f-9821-7818e4e3be59,Men's Styles,Medium,Rectangular,Black
8db3f9cf-daca-4b4d-b244-8409c0d61cdd,Women's Styles,Medium,No Preference,Two-Tone
00e15fe0-c86f-4818-9c63-3422211baa97,Women's Styles,Narrow,Rectangular,Black
442be682-abd5-4e2d-b8f0-1f81d245503f,Men's Styles,Narrow,Rectangular,Black
57a087d2-66f9-41c7-a0cc-177540b60891,Women's Styles,Wide,Rectangular,Crystal
794af2d1-8a80-4be5-bbe8-d4406adac41e,Women's Styles,Narrow,No Preference,Black
0ad78075-b612-447b-9ae7-b5ab0fa42498,Women's Styles,Narrow,Rectangular,Neutral
8ca7c665-2c9b-4fa7-9ef0-968376681793,Women's Styles,Narrow,Round,Crystal
c833db7f-3989-42e6-aa32-3e4bba8d74b9,Women's Styles,Narrow,Rectangular,Crystal
4a4187ca-be26-48fb-9efd-6475d6041a53,Men's Styles,Medium,Square,Two-Tone
badaa253-e0a9-4473-9898-5ccf6b15d32b,Men's Styles,Narrow,No Preference,Black
9a90147c-27d8-443a-80d5-605de356cb0a,Women's Styles,Narrow,Square,Tortoise
f132d468-fea5-4a70-ba9d-0bf08a368876,Men's Styles,Medium,Rectangular,Two-Tone
9f759536-81da-4af5-9754-4fdf87d87e94,Men's Styles,Narrow,Rectangular,Crystal
bc7c8eae-1c8d-4975-82ba-a23a843e0a97,Men's Styles,Narrow,Square,Neutral
76e9ccd7-3dc8-479d-9a76-a8c5a0823cb7,Men's Styles,Wide,Square,Two-Tone
51e3289f-f240-42ce-a3aa-0b121320d25d,I'm not sure. Let's skip it.,Narrow,Rectangular,Black
72512606-c66d-4b37-97d6-bfa689212798,Men's Styles,Narrow,Square,Tortoise
b7269c0d-9fc3-4148-9bb7-d748a6745716,Women's Styles,Wide,Rectangular,Black
22f1e218-8bc0-4d1d-b122-1379c28c4545,Men's Styles,Medium,Square,Crystal
7f1a340f-ff0a-40c7-a8cc-c9735371bf13,Men's Styles,Narrow,Square,Crystal
56cdc793-cc7b-483d-b779-b4cbfd29e661,Women's Styles,Medium,No Preference,Black
46a94905-0385-4900-8749-072c0bcedb57,Men's Styles,Narrow,No Preference,Tortoise
e6f29fa7-15de-41fd-a5d3-f6c3b0259283,Men's Styles,Narrow,Rectangular,Neutral
9a48440f-2358-4fa3-bb91-cff7bd17d1d2,Women's Styles,Narrow,Rectangular,Black
6d6e0935-457d-4ca5-be23-9deb5a39df44,Women's Styles,Medium,Rectangular,Black
fa959630-431a-480e-b320-7c5bc342da3b,Women's Styles,Medium,Rectangular,Black
9442f729-cccb-46e2-b66c-04d58b7a0a6f,Men's Styles,Medium,Round,Two-Tone
1e7fe8dd-18e9-4192-91a8-81f9c4059633,Men's Styles,Narrow,Square,Two-Tone
7ab3c987-eafd-4fa6-b8a0-ebd833f12fd2,Women's Styles,Wide,Square,Crystal
cc94373d-dce4-4a58-9923-07ce2593fed3,I'm not sure. Let's skip it.,Narrow,Square,Neutral
0fbe6b14-2923-4300-9c56-899aba0ed3e0,Women's Styles,Narrow,Square,Two-Tone
2dfde92b-4085-450d-a064-13dd9d9efdcd,Men's Styles,Narrow,Square,Black
f0af10ec-cd8e-4b7a-ba00-e20b2014f3b8,Women's Styles,Medium,Square,Tortoise
9f0db9b6-0156-462f-9d46-6d26efe654ec,Men's Styles,I'm not sure. Let's skip it.,Square,Tortoise
af1fe1c8-6525-4c22-943c-0c3c64901fd7,Men's Styles,Narrow,Rectangular,Tortoise
1b14444e-a7a5-4a8b-b1f3-13a800d16b3a,Women's Styles,Narrow,No Preference,Crystal
f2777885-6f35-4997-93c9-216804b4d39e,Men's Styles,Medium,Rectangular,Tortoise
4ac91a3d-dd3a-42a7-8215-2b66e516e810,Men's Styles,Wide,Square,Tortoise
d0cfe23c-52c1-496a-8ca9-a928bf31a707,Men's Styles,Wide,Rectangular,Black
cdb288f8-e79a-4be1-818b-eb436468eca1,Women's Styles,Narrow,Square,Tortoise
9b762b95-beb4-4e8a-b8ae-edec632a81c0,Men's Styles,Narrow,Rectangular,Crystal
534c4e2d-a4d3-4551-a668-c694a0e38854,Men's Styles,Narrow,Rectangular,Tortoise
aeef8b50-19af-494b-95c4-5ba83ce57e12,Women's Styles,Medium,Rectangular,Black
e80ec3ca-03b2-4ea8-a638-428de538e21e,Women's Styles,Narrow,Square,Crystal
7e394425-4c1c-499c-ad9d-af446cf57953,Women's Styles,Wide,Rectangular,Crystal
d84aeb54-efaf-49e0-894a-094790a91389,I'm not sure. Let's skip it.,Wide,Rectangular,Two-Tone
e1296aaa-fba7-4bee-bbee-3a68b3f9d731,Men's Styles,Wide,Square,Black
da27fbd0-7cd3-4f1e-b52b-dc73bc9e41dd,Men's Styles,Medium,Rectangular,Neutral
d2006f3b-1b25-40a7-a37e-054c815a1ef6,I'm not sure. Let's skip it.,I'm not sure. Let's skip it.,Round,Tortoise
4c5c02f3-563d-4e3c-994a-5e0faf0e1611,Women's Styles,I'm not sure. Let's skip it.,Square,Black
2870bc1d-b0c2-44e8-bc7f-f5fc359a04e8,Men's Styles,Wide,Rectangular,Tortoise
5f926e9a-0281-48e7-98ca-b37f2c0a75be,Men's Styles,Wide,Rectangular,Black
d6e938c8-1b6d-4e4c-a2cd-641826f438a5,Women's Styles,Narrow,No Preference,Tortoise
3702be28-0806-4832-8e32-9b99882214c3,Women's Styles,Narrow,Rectangular,Tortoise
30232f67-9676-4007-be9a-72738980a344,I'm not sure. Let's skip it.,Wide,Rectangular,Crystal
8b0e6aeb-b576-45c8-b785-d141777d3d31,Women's Styles,Wide,No Preference,Crystal
2dcef662-d1cb-44f7-9c67-8e9bc4705306,Women's Styles,Narrow,Round,Crystal
38e20321-8c72-406c-aed9-5e43e89e3bcf,Men's Styles,Wide,Round,Black
14a3c23e-679d-4a33-b59d-89d9dc2aac27,Men's Styles,Narrow,Square,Tortoise
96118625-9376-4c2a-90d3-a649cb5e6953,Women's Styles,Narrow,Round,Tortoise
595e5e01-c257-4b60-9927-26368c5ac686,Women's Styles,Wide,No Preference,Tortoise
693e5ca9-9c5f-41c7-ae80-2ad586d7faf0,Men's Styles,Narrow,Square,Tortoise
862f8038-5a9d-4b5c-aaba-431a5aeee056,Men's Styles,Wide,Square,Tortoise
40297939-7c95-44f0-b157-c02604bb7164,Women's Styles,Wide,Square,Neutral
6deeee3f-24a1-4e10-848e-e60126cfb065,I'm not sure. Let's skip it.,Narrow,Square,Black
70d733ad-46b2-446c-a8f0-11c6af5958d4,Men's Styles,I'm not sure. Let's skip it.,Square,Black
dede7d74-a1bf-4a2f-aebc-7e834e59f7e0,I'm not sure. Let's skip it.,Medium,Rectangular,Black
a5e86c52-a588-4200-b45a-8c3b0df509eb,Men's Styles,Narrow,Rectangular,Black
a5ff0b09-6efa-4f06-98a1-39eefffde4ec,Men's Styles,Wide,Round,Tortoise
8397bfd3-8dd7-4ea4-b77a-433e516066bd,Women's Styles,Narrow,Round,Tortoise
19059a07-c577-40e4-8440-8212fdde1d79,Women's Styles,Narrow,Round,Crystal
9a6b1329-a353-4fcc-b1d2-7eb0125de0bb,Men's Styles,Medium,Square,Tortoise
5a45a1d2-7793-446e-a5d1-30ef2bc86f72,Men's Styles,Medium,Rectangular,Two-Tone
1dba5d40-0a4f-49a4-b10e-9253640a8c56,Men's Styles,I'm not sure. Let's skip it.,Rectangular,Crystal
3ea3bfbc-744a-4062-b8d1-ce244091da23,Men's Styles,Narrow,Square,Black
0fca3d2f-a32a-44b7-8eef-a64afa0a6c83,Women's Styles,Narrow,Round,Tortoise
842c3bfd-4420-48ce-93fe-cc9deb127fbf,Men's Styles,Wide,Rectangular,Tortoise
03a9cb45-e620-43f0-a633-ce406034dd94,Women's Styles,Medium,Rectangular,Black
e8722ab6-2cdb-4cbc-904e-3a7e345a969e,Men's Styles,Wide,No Preference,Black
46683cb0-0ba3-4926-9151-682389c8b110,Men's Styles,Medium,Square,Crystal
0b4174c0-9cc5-4365-83fd-01757fa1e521,Men's Styles,I'm not sure. Let's skip it.,No Preference,Black
12b45702-1226-4ce6-a7e3-24b143fc7019,Men's Styles,Narrow,Square,Black
f26f8518-aeb3-453a-b91a-453ca67a8ce4,Women's Styles,Narrow,Round,Tortoise
06ac027d-64e4-4da5-b02a-777c520dc5c3,Men's Styles,I'm not sure. Let's skip it.,Round,Crystal
3ce2fbd0-caf4-41a6-a02a-7dc90fe2f989,Women's Styles,Wide,Rectangular,Black
c71ea703-a4cf-409a-bbea-2717c3b16d6d,Men's Styles,Medium,Round,Neutral
c33fca2a-6cdb-43c2-9dd2-ae24f7b0eb67,Men's Styles,Narrow,Round,Black
3fd325d6-5bbd-4547-b085-5b286b890431,Men's Styles,Narrow,No Preference,Black
a41db3ac-3430-49a8-8a65-10460c4cbe75,I'm not sure. Let's skip it.,Medium,Rectangular,Crystal
0cde6b89-37f3-4c37-83a6-58afc61ef430,Women's Styles,Medium,No Preference,Tortoise
0f793baf-833f-49c8-a501-fcda2f355583,Men's Styles,Narrow,Square,Neutral
965eb26e-dbcd-4bfc-8179-67cc2c34ad81,Men's Styles,Wide,Square,Crystal
360f70ea-771e-4b7e-b95a-7b1eebd50f41,Men's Styles,Narrow,Rectangular,Crystal
140deb2a-f822-4b67-b5c8-db30daaba807,Women's Styles,Narrow,No Preference,Black
5657f8d4-4589-42ad-9feb-1d33d3fc6b5a,Women's Styles,Wide,Square,Tortoise
cbdf422d-0942-450f-945d-88e2724feaa1,Men's Styles,Narrow,No Preference,Tortoise
0c550865-0828-42e9-bd48-a37cdee31843,Men's Styles,Medium,Round,Black
66a4a0c2-1978-4ff9-a1d2-4fa911f989f3,Men's Styles,Wide,Rectangular,Black
ec3f1961-8ae3-4b0f-90c3-ca427a2b8b2a,Women's Styles,Medium,Square,Crystal
48485641-fa2b-4c96-988d-af92a8af86a9,Women's Styles,I'm not sure. Let's skip it.,Square,Black
038c1b89-19ea-4fd8-9b7a-21e337a88de4,Men's Styles,Narrow,Round,Neutral
3d777e31-9c74-4e76-90e7-4d259cd1deac,Men's Styles,I'm not sure. Let's skip it.,Rectangular,Neutral
1123ee05-c04a-454d-9161-a53d427f908b,Men's Styles,Narrow,Rectangular,Black
911f3c72-3497-42ec-8c98-aec02f571ed0,Women's Styles,Narrow,Rectangular,Crystal
f69672cb-742d-4930-85af-a678904613c9,Women's Styles,Narrow,Rectangular,Two-Tone
47a7f7af-bfe4-40fa-8574-8b4480dd78d6,Women's Styles,Narrow,Rectangular,Tortoise
11c8cbd6-b79b-4286-b4bc-862ebed59b7c,Women's Styles,Medium,Square,Crystal
8bcedc93-4920-4658-9ae3-0c879722eed1,Men's Styles,Narrow,Round,Tortoise
377f56ef-67a8-47cc-9fcb-acff9171edb8,I'm not sure. Let's skip it.,Medium,Square,Neutral
895af8bd-3871-4434-a78b-71a9eee6d4cd,Women's Styles,Medium,Rectangular,Tortoise
4360f1b0-7ee4-44ee-a25e-4fb548fead79,Men's Styles,Medium,Square,Crystal
fe9100ec-9070-4ac8-972c-267325ba3809,Men's Styles,Narrow,Round,Black
7c8ef92e-f0bd-49ab-a39c-80202d5887dd,Men's Styles,Medium,Square,Crystal
86aeb83d-5647-4729-85ca-9078e93e1a87,Men's Styles,Medium,Rectangular,Crystal
02cca408-c20c-4d6e-9e76-82233faf95aa,Men's Styles,Narrow,Rectangular,Tortoise
286e3c25-b76e-4f5e-98fb-564122c98382,Women's Styles,Medium,Rectangular,Neutral
f59a14f6-c2d4-4e09-a907-3bb95d683a78,Women's Styles,Medium,Round,Two-Tone
2679b327-b4fc-4266-a0a2-45cdd6e94323,Men's Styles,Wide,Rectangular,Two-Tone
3d6ebf1e-1d90-4b65-b654-e5147d3e6042,Women's Styles,Medium,Rectangular,Tortoise
b6c83bbc-f80c-4d94-bfe7-6082d4916448,Women's Styles,Narrow,Square,Crystal
1ab8dd56-7cef-4f0b-85ef-b7e8f2f3957d,I'm not sure. Let's skip it.,Narrow,Square,Crystal
ae4b630b-f7cd-4e4f-b032-1e72158a4c6f,Women's Styles,Wide,Rectangular,Crystal
87c2f30e-7c3a-441e-aaf5-71dc4db8446d,I'm not sure. Let's skip it.,Narrow,Round,Black
712feebd-b80a-4994-8a88-46a6b2aca85a,Women's Styles,Wide,Square,Black
f0374128-b7c7-4ca1-a52f-450cddeb5994,Women's Styles,Narrow,Square,Crystal
4c582786-25d0-415c-83a2-01b7b9165778,Women's Styles,Narrow,Rectangular,Neutral
030ae7ed-a34e-42ac-a88f-93996455d315,Women's Styles,Narrow,Square,Neutral
102db10a-e5ad-4072-b015-bea66de78de9,Women's Styles,Narrow,Round,Two-Tone
c1698024-f29b-4de0-af1e-bc860cc48a7f,Men's Styles,Narrow,Round,Crystal
92c9b5eb-e170-495e-a920-1ff04d2da780,Women's Styles,Medium,No Preference,Black
471bdead-503f-4978-a7e2-b4f18fdd3c13,Men's Styles,Medium,No Preference,Tortoise
2cc1b38d-bc6e-4a06-9352-164addfebe5d,Men's Styles,Wide,Square,Tortoise
d2f438b2-eb8f-4b1d-940c-f2aa46a5e840,Men's Styles,Narrow,No Preference,Two-Tone
2f2f73c3-92d9-44a4-bd9e-c8e1a65299b4,Men's Styles,Medium,Rectangular,Tortoise
6fdc3b20-5293-4b34-b110-588ee3c4abd0,Men's Styles,Medium,Round,Tortoise
34208955-7ccc-4606-93d0-e2462d6b3022,Men's Styles,Medium,Rectangular,Two-Tone
88d7ca26-894e-4e23-ab35-29900c019e81,Men's Styles,I'm not sure. Let's skip it.,Round,Neutral
da414ad7-efc6-4f6f-9de4-cfc152cff133,Women's Styles,Narrow,Square,Black
b97f022c-84ac-4c2a-8065-39352a5bcdef,Men's Styles,Wide,Square,Black
26158365-10a3-4a90-8bf9-9fd99d27c0ef,Women's Styles,Wide,Rectangular,Tortoise
021901a5-74ee-482d-9f03-0089d17ff7d6,Men's Styles,Wide,Rectangular,Neutral
555ec7c9-d4ab-47d9-9569-a0d1740d66c8,Men's Styles,Medium,Rectangular,Crystal
0176bfb3-9c51-4b1c-b593-87edab3c54cb,Women's Styles,Wide,Square,Crystal
cc6b6187-1926-4acb-a4ac-265d58258806,Men's Styles,Medium,Round,Crystal
32ce7f30-649a-4e54-bbba-1edaaecc02ea,Men's Styles,Narrow,Rectangular,Tortoise
03dfcb44-819d-4329-9924-a4cafc834af0,Women's Styles,Medium,Rectangular,Tortoise
778170b4-069b-40e5-b45d-f268eea238eb,Men's Styles,I'm not sure. Let's skip it.,Rectangular,Crystal
0d478fcc-c7d0-4e1a-aada-7a991407eb6f,Women's Styles,Narrow,Square,Tortoise
2f7666c0-7eed-42ea-9914-f82556f85283,Men's Styles,Narrow,Rectangular,Two-Tone
1c37449e-aad0-4a0e-b245-49209b1e0b57,Women's Styles,Wide,Square,Neutral
9641b099-f178-4015-b004-ac85ebb9aa2e,Men's Styles,I'm not sure. Let's skip it.,Square,Tortoise
fc434307-6a0b-4209-878f-9d77fb50e49f,Men's Styles,Medium,No Preference,Black
767ac41f-e89f-47d1-b343-48d6353a1fe8,Women's Styles,Narrow,Rectangular,Crystal
1089f689-2333-48e7-bfb6-01890bf0ceff,Men's Styles,Wide,Round,Crystal
6fe4855c-5b4a-4283-9434-58d6007f4775,I'm not sure. Let's skip it.,Medium,Rectangular,Crystal
099ffabf-e832-412f-9a23-cc480b7147d5,Men's Styles,Narrow,Square,Crystal
903be3a4-5884-476b-9bae-0730abdc66ab,Women's Styles,I'm not sure. Let's skip it.,Rectangular,Black
9c9bb425-bc87-407e-972f-8a305603720b,I'm not sure. Let's skip it.,Narrow,Round,Crystal
a9f560fc-cefe-4270-a89f-7aecabe10bdc,Women's Styles,Narrow,Square,Tortoise
7092696d-ce5b-47dc-af81-671546b8976e,Women's Styles,Medium,Rectangular,Tortoise
bbb02cf2-1dfd-4c72-9292-837dba555414,I'm not sure. Let's skip it.,Medium,Square,Neutral
bc9fe308-7620-40c6-a46f-06d55250bd3f,Women's Styles,I'm not sure. Let's skip it.,No Preference,Crystal
ebd41325-0044-4456-bbf0-f07c0fc601b5,Women's Styles,Medium,Square,Black
9d5dadf2-33d7-44b0-bd04-91af07e5b9e0,Women's Styles,Narrow,No Preference,Black
2843e98a-5cce-4cbf-b0ab-aa43f1e81778,Women's Styles,Narrow,Rectangular,Black
0caaed80-644a-4e08-bf8d-bcd6ff02d1fa,Women's Styles,Narrow,Square,Black
087d9b32-481f-45ee-8005-acc62bfc3c51,I'm not sure. Let's skip it.,Medium,Rectangular,Black
24c76080-915e-45bf-ae60-1d6570cedf3f,I'm not sure. Let's skip it.,Wide,Rectangular,Crystal
c982fa43-2c9e-40ea-9c29-c17affaacad0,Women's Styles,Medium,Rectangular,Black
17c1bb3c-fd86-47e7-a914-7e85ef909747,Men's Styles,Narrow,Rectangular,Black
ee341540-8d72-47d1-926b-c9b7f95efb6d,Women's Styles,Wide,Rectangular,Tortoise
9892423f-c6b0-4473-a262-c8ebdad01ad0,Men's Styles,Wide,Round,Tortoise
587b87fe-6982-4cfd-afcd-d90337596461,Women's Styles,Medium,No Preference,Black
7b8f0b67-062c-44e2-898d-f803600ac78a,Women's Styles,Wide,Rectangular,Black
e3c9a5d8-6d12-4230-b4c8-a29d1a35bc05,Men's Styles,Medium,Square,Black
7dd77ad9-0cbb-4155-9410-c54c8f4839ca,Women's Styles,Medium,Round,Black
bad00102-a299-4497-9d28-6189eb0abb01,Women's Styles,Medium,Square,Black
31b22fac-a187-461d-8812-ccb57f22977e,Women's Styles,Narrow,Rectangular,Neutral
e770d281-e093-41f9-9cd7-edbc9e472861,Women's Styles,Narrow,Round,Tortoise
23f20c14-2455-4a7b-844e-b18680944fc0,Men's Styles,Narrow,Square,Tortoise
4b96030c-a295-4f46-93d5-4a3c0a32fc8a,Men's Styles,Wide,Square,Crystal
b9d7b6f7-b704-4340-8770-c97284bbf96d,Men's Styles,Narrow,Square,Tortoise
c6dde7fa-918c-4869-8909-74f858197014,Women's Styles,Narrow,No Preference,Black
22157e91-b367-4f57-9d90-04864bea5788,Men's Styles,Medium,Rectangular,Crystal
4ab4bb1a-c803-4b1c-a9cf-ad81af770c71,Women's Styles,Wide,No Preference,Neutral
1b327682-7251-4606-9002-9801b53f384f,Women's Styles,Wide,Rectangular,Tortoise
999bceb2-81bc-42f5-a34c-5823aefdd801,Women's Styles,Narrow,Square,Crystal
4d8b45f4-1992-478c-8767-62b6be975be8,Women's Styles,Medium,Rectangular,Crystal
6ef73f5e-c635-4c63-85f0-67be8dc6950b,Women's Styles,Narrow,Rectangular,Tortoise
f55f6a49-4fe8-4684-a952-113362668dbd,Men's Styles,Wide,Square,Crystal
5b0e6a29-46f8-4a8e-8ecf-c80bb5a53e3d,Men's Styles,Medium,Rectangular,Crystal
3c72580b-9acc-403d-be04-e5c26b59ebcb,Men's Styles,Medium,Square,Black
674a8417-2553-4cc5-a434-208aaeb6f86d,Men's Styles,Narrow,Rectangular,Black
028f7d56-0def-4556-8c05-4c9ec6bd3c20,Women's Styles,Medium,Rectangular,Crystal
4e57d0aa-d017-4ba3-be79-d2e1a356c896,Men's Styles,I'm not sure. Let's skip it.,Rectangular,Black
34561f7a-7871-4341-9ef0-cc1820a31243,Women's Styles,Narrow,No Preference,Crystal
4aa8f065-8911-489c-b9b2-92e8da1d08a9,Women's Styles,Wide,Square,Crystal
b1474d29-1354-405d-a1b4-e45d9b5857fe,Women's Styles,Narrow,Square,Two-Tone
ac0f28cc-2eda-44df-b1c7-6afdebde00f7,Men's Styles,Medium,Square,Neutral
8c52dbf7-593a-4e47-ac06-16a8e8d77130,Men's Styles,I'm not sure. Let's skip it.,Rectangular,Tortoise
bc0e71c7-c727-41f9-8c25-9bb6b0561574,Men's Styles,Medium,Rectangular,Black
8e325816-f488-472e-a657-c699ba40afbe,Women's Styles,Medium,Square,Crystal
91170613-c8ec-456d-9f33-1a0498a57bd9,Women's Styles,Wide,Square,Tortoise
d025fe6a-1fda-4760-935e-2cd382374dac,I'm not sure. Let's skip it.,Wide,Rectangular,Crystal
04ce43f5-385f-4893-bd92-be42bc21d9a8,I'm not sure. Let's skip it.,Medium,No Preference,Crystal
54934981-ec34-4368-8e86-fbadcb51a4af,Men's Styles,I'm not sure. Let's skip it.,No Preference,Black
18ce5a4a-e47a-4f89-a0ba-a9c827fa9e91,Men's Styles,Narrow,Square,Two-Tone
a6b33a45-3b20-4e2d-902a-3151f5eb71ba,I'm not sure. Let's skip it.,Narrow,Square,Two-Tone
f33ad63d-41d4-4958-8dad-b1459b9b83b2,Men's Styles,I'm not sure. Let's skip it.,No Preference,Tortoise
f92f63d7-881e-4e29-9874-c2329be5cd9d,Women's Styles,I'm not sure. Let's skip it.,Square,Black
90fab4b3-05ca-4ee1-8494-d2b093320b37,Men's Styles,Medium,Rectangular,Tortoise
ada15920-cbe0-48ae-9c5a-ccb483e51948,Men's Styles,Wide,Round,Tortoise
802e373d-058b-45b0-ac8a-8651cd4f3b67,Men's Styles,Medium,Square,Tortoise
d714faf1-8292-41a3-860a-7ca097abafcf,Men's Styles,Narrow,Rectangular,Tortoise
70615ef6-f6b8-4ce5-b8b4-8d907b27d4f3,Men's Styles,Narrow,Round,Black
5e9c88b6-7728-4de6-bf06-ee7f8ba43288,Men's Styles,Narrow,Rectangular,Tortoise
dffdc692-50d3-462f-9b85-3a51d15bca05,Women's Styles,Medium,Square,Two-Tone
91690c60-d79c-4515-9885-0acc1e2f73cf,Women's Styles,Narrow,Rectangular,Neutral
a8c2bae2-5075-4ab6-8d99-afc20a8b8ea7,Women's Styles,Medium,No Preference,Crystal
9d53d088-7495-4101-9326-e9806f7774e3,Women's Styles,Narrow,Square,Tortoise
6e4979eb-922d-40ee-b5ed-216c249cfb70,Men's Styles,Medium,Round,Tortoise
d8addd87-3217-4429-9a01-d56d68111da7,Women's Styles,Narrow,Rectangular,Two-Tone
648b3152-123f-41a3-b4f4-b6ba6c55d345,Women's Styles,Narrow,No Preference,Black
f8c80591-1208-4ffe-8211-64827ebd3e94,Women's Styles,Medium,Rectangular,Tortoise
76bbf5e1-5eb3-468c-accc-7eb492d47b28,Women's Styles,Medium,No Preference,Black
5e724e1a-467c-4a92-a4f0-ee5a25597062,Women's Styles,Medium,No Preference,Tortoise
a0fa3684-3381-4c7b-aa0a-520d8baff528,Men's Styles,I'm not sure. Let's skip it.,Rectangular,Two-Tone
0e37b739-8204-44fc-8d51-a6062d24ee64,Men's Styles,Narrow,Round,Black
0bff1db4-0fa1-4b88-bb5c-6012a3155608,Men's Styles,Narrow,Square,Black
23ba8065-72ff-40c3-a162-4a7ccfbed44e,Men's Styles,Wide,Square,Crystal
113e93f8-09fb-4e75-9284-fe7e44ab614c,Men's Styles,Medium,Round,Black
6944971c-1925-42af-a0e3-b8ad1f75c01f,Women's Styles,Medium,Rectangular,Black
adbb0516-c4e3-4550-ab07-6390133e8401,Women's Styles,Wide,Rectangular,Tortoise
583accf5-d9b2-46ad-83bd-f3b635ed8948,Women's Styles,Medium,Square,Neutral
26624b9d-da00-4534-9b0e-c2f9b392d916,I'm not sure. Let's skip it.,Wide,Round,Black
6eefdef2-25a9-47fc-b4a0-1bfe34ca6a44,Women's Styles,I'm not sure. Let's skip it.,Rectangular,Black
ccbbaf80-ff3e-4ced-92cc-b1fc5fbe00f4,Women's Styles,Wide,Rectangular,Neutral
2a71e53a-c9f2-4dcb-b02f-6a76d65f10ec,Men's Styles,Narrow,Square,Crystal
1976aced-6494-4dd4-ac18-61214a208215,Women's Styles,Wide,Square,Black
ac7afbad-bac6-4d38-93a2-ce59230162f0,Men's Styles,Narrow,Rectangular,Black
16992cd8-b9e8-4c0a-afe7-207d85986175,Women's Styles,Narrow,Square,Crystal
56ca2443-1f82-4107-ade7-cf15caeb3a27,Men's Styles,Medium,Rectangular,Tortoise
4bc6829b-6ac2-49e2-84e9-119842f82a16,Men's Styles,I'm not sure. Let's skip it.,Round,Crystal
fa6e02a2-0863-430f-b1c1-1927a2bc5715,Women's Styles,Medium,No Preference,Black
6ee7e098-0644-4644-b9ef-3c7e94b5d2c4,Men's Styles,Narrow,Rectangular,Crystal
c752ba2e-eb19-4f05-b272-e1b45201fab9,Women's Styles,Narrow,Round,Neutral
b0186302-c136-4744-9bb7-6d4a41793eb5,Women's Styles,Narrow,Round,Tortoise
64480f56-f32c-4580-896d-7c2738169b60,Women's Styles,Medium,Rectangular,Crystal
e2902222-c367-4805-a3b3-9916128dbf46,Women's Styles,Wide,Round,Tortoise
a06379fc-82ca-477c-a77d-8a8ee5eee28c,Men's Styles,I'm not sure. Let's skip it.,Square,Black
aa8bdcd6-d37e-45ae-8767-7089abbdcecb,Women's Styles,Medium,Rectangular,Crystal
c8fb1cc6-8917-4636-95e2-0699256bf44c,Women's Styles,I'm not sure. Let's skip it.,Round,Crystal
7324cdb8-4613-4e07-9e8d-6b4dfdae98cf,Women's Styles,Wide,Round,Black
dca84453-71de-428e-a0db-fbbf11fc288b,Men's Styles,Narrow,Round,Black
b9da7206-4d4e-4ecf-bd32-51e47dc7971f,Men's Styles,Wide,Rectangular,Black
6c1e96fd-a62c-4496-86ad-cb783fda52e4,Women's Styles,Narrow,Rectangular,Tortoise
533dc06a-134a-4989-9e09-76de695f8a21,Men's Styles,Medium,Round,Black
56fe74dd-c274-408e-9ba1-03db92acf872,Men's Styles,Wide,Rectangular,Black
029e417e-a0b5-4ec7-9190-a852016619d9,Men's Styles,Wide,Square,Tortoise
f78d9349-06ad-42e0-a065-bc95ad5baac3,I'm not sure. Let's skip it.,Narrow,Square,Neutral
cb419b31-ef55-48a6-8865-39fbc5af82f2,Women's Styles,Wide,Rectangular,Black
f3defb57-a22b-4bb7-a81a-942050f253f6,Men's Styles,I'm not sure. Let's skip it.,Square,Crystal
f3718838-52e3-4f7c-b795-b4109c57d9df,Women's Styles,I'm not sure. Let's skip it.,Square,Tortoise
76cd48c4-cf1e-4f30-becf-83a33374b025,Men's Styles,Wide,Rectangular,Neutral
b5e4525f-a92e-4b8b-a63c-fa71279621e5,Men's Styles,Medium,Rectangular,Tortoise
a0ca93b5-a5ed-4660-9a1c-e91c917da388,Men's Styles,Medium,Round,Crystal
1bdbc256-ef9d-4871-aa37-aac01e19fa35,I'm not sure. Let's skip it.,Medium,No Preference,Tortoise
dcc0ba73-db10-4cb2-92ab-036a4fd0f2d9,Women's Styles,Medium,Rectangular,Crystal
20dce5ff-bd55-43f5-b99c-9208e142bd79,Women's Styles,Narrow,Rectangular,Black
aaeb45c9-5ccc-452e-a93b-690212defba4,Women's Styles,Narrow,Square,Crystal
b5b3a93c-e143-478c-9284-cf51d09c4fa9,Men's Styles,Narrow,Square,Crystal
ba2b7598-4aba-4168-92ca-a3aff33b2cc2,Women's Styles,Wide,Round,Crystal
14196cde-c1bf-4df8-b40d-7ac69983e1b8,I'm not sure. Let's skip it.,Medium,Rectangular,Tortoise
c3ab6fcb-56e3-421c-a884-f51265e0d03a,Women's Styles,I'm not sure. Let's skip it.,Rectangular,Black
106b77e0-5a9f-4345-818d-3a2b0bc94581,Men's Styles,Wide,Rectangular,Crystal
871a58c8-18aa-43c2-b314-6af6dd525699,Women's Styles,Narrow,Square,Crystal
ac4e3ae6-0136-4276-acf9-dc926ce63921,Women's Styles,Narrow,Square,Tortoise
565aaacd-eec5-4857-a908-170f0cea0e76,Women's Styles,Narrow,Rectangular,Crystal
17b13eac-ed79-459e-b4de-89073f5f4941,Women's Styles,Medium,Round,Black
2d5b7955-c24d-43c0-89b4-be44c5609aa5,Men's Styles,Narrow,No Preference,Black
c292cc97-453b-41c1-b6ae-037979f904ab,Men's Styles,Wide,Square,Tortoise
3d082ef1-1c0b-4478-9ed6-a817b2c5677f,Men's Styles,Medium,Rectangular,Crystal
fddc8bc5-6ae4-4a70-8252-6a2e02b9372b,Men's Styles,Medium,Round,Tortoise
f7a6089a-ad50-423e-9c14-8fb56bc5b0af,Women's Styles,Narrow,Square,Black
34b6ad2a-d76b-4e75-afad-e4b19b15dc36,Women's Styles,Narrow,Square,Crystal
e90f3a7e-0f15-4dba-a3bd-08ff78154ac6,Women's Styles,Wide,Rectangular,Tortoise
6f9b8114-63b2-4cd3-9f5c-c55b52ac8758,Women's Styles,Medium,Rectangular,Black
e47e7e57-b766-4cae-a054-0ad95dff33ea,Women's Styles,Medium,Rectangular,Tortoise
0da45873-8ec1-4ede-9962-c82c11bf9f33,Women's Styles,Medium,Square,Crystal
1ad487b3-3645-41f2-9825-e79f566952dc,Women's Styles,Narrow,Rectangular,Crystal
759f300f-3c9a-4c9a-9bc7-efe7e45e5339,I'm not sure. Let's skip it.,Narrow,Square,Black
66e1d656-c03e-46e5-984d-cccea975a780,Men's Styles,Narrow,Rectangular,Crystal
6df79eca-281c-4719-827c-30bf48a0d874,Women's Styles,I'm not sure. Let's skip it.,Square,Tortoise
188e3452-25ff-4693-bcf8-d1a2e869b493,Men's Styles,Narrow,Rectangular,Black
45b7bc7b-39b5-4308-ba56-c16107f28a97,Men's Styles,Narrow,Rectangular,Black
ddacdc44-833b-4429-84da-1a4dedc84ba9,Women's Styles,Narrow,Round,Black
77925111-a7be-433e-859f-571e1d20bea5,Women's Styles,Narrow,Rectangular,Two-Tone
41b7fe68-fd92-4f85-b0d9-87792ea99625,Women's Styles,Narrow,No Preference,Tortoise
f51e41d3-66b7-49bf-a508-482544eb847f,Women's Styles,Medium,Rectangular,Black
eaac1cab-f307-49b0-9f9d-8d4a8d9e3bc9,Women's Styles,Narrow,Rectangular,Black
eb0e0c45-0f3b-497c-9d12-a62cde6d56a2,Men's Styles,Narrow,Rectangular,Two-Tone
7332c02d-6239-49da-8dc7-65b073934b47,Men's Styles,Narrow,Rectangular,Tortoise
b867a601-9319-4494-b9b8-1dd18afb38b1,Men's Styles,I'm not sure. Let's skip it.,Round,Two-Tone
4c1aa9dd-22fa-4165-ad41-d34c170da7de,Women's Styles,Wide,Round,Crystal
fdd0cc7d-b9fc-404e-9d95-f69b230d2e72,Women's Styles,Wide,Square,Neutral
ee2fd680-2bb9-46c5-a19d-c25fb36b2ca0,Men's Styles,Narrow,Rectangular,Two-Tone
5496c68c-06ae-44b9-b443-0fa77c21681d,Men's Styles,Medium,Square,Two-Tone
6e444944-1000-48ef-bc09-a21761f31122,Women's Styles,Narrow,Rectangular,Crystal
8a0d909d-933f-45d6-8e04-ad5089c9092c,Women's Styles,Medium,Round,Neutral
1ea87d60-be37-42cf-8c5d-8ce3d79da679,Women's Styles,Medium,Square,Crystal
a7a411ff-611c-4bdb-8ee5-033e34c0f971,Women's Styles,Medium,Rectangular,Tortoise
016078d5-b646-49a8-abfe-5b6c5670b47a,Men's Styles,Medium,Rectangular,Black
d78ccbab-72e9-4b10-99de-b0d190c81087,Women's Styles,Narrow,Round,Tortoise
8858908d-5774-461a-996f-d2f738b449a6,Women's Styles,Medium,Rectangular,Tortoise
677b4128-58f9-434e-acf4-2eeead657004,Men's Styles,Medium,Square,Two-Tone
116c7a2d-a033-4e20-8a59-8d632b7fba95,Men's Styles,I'm not sure. Let's skip it.,Rectangular,Black
393e61fc-0eb4-491b-8dc6-e4f6bb198f81,Men's Styles,Narrow,Square,Black
9faad619-d15b-48ad-a8b6-eaae68ef40e0,Women's Styles,I'm not sure. Let's skip it.,Square,Tortoise
09191a2a-25ae-47f9-a553-2b5b6523b16e,Men's Styles,Medium,Square,Neutral
e9cbfcbf-718b-4404-96ee-fce30635f061,Women's Styles,Medium,Round,Tortoise
8ba0d2d5-1a31-403e-9fa5-79540f8477f9,I'm not sure. Let's skip it.,I'm not sure. Let's skip it.,Round,Crystal
b2998d31-33ad-46fb-bbcc-8ac3c3e450fa,Men's Styles,Wide,Round,Tortoise
ae7f62cc-8f82-4851-881c-14d4b59ce518,Women's Styles,Narrow,Round,Tortoise
6f62501a-5aea-48ab-a27f-7d3877b7426e,Women's Styles,I'm not sure. Let's skip it.,Round,Two-Tone
76942f73-8005-4492-8de3-3a2570e79508,Men's Styles,Wide,Round,Tortoise
17e28e55-0d8a-4c23-af77-903d94888d88,Women's Styles,Wide,Round,Neutral
0ce62486-89ce-47eb-b797-f3617a27b9db,Men's Styles,Medium,Round,Black
125ab20e-153a-41cc-a99a-e27dab719a25,I'm not sure. Let's skip it.,Narrow,Rectangular,Black
4ab4d5c3-f93a-4841-aa35-8da6b1bd7a1e,Women's Styles,Narrow,Rectangular,Two-Tone
3b17f3de-e223-4cc1-a043-c89e3b22e05a,Women's Styles,Wide,Square,Black
bf42ef36-bea6-48d8-95c3-785c33684bcd,Women's Styles,Medium,Rectangular,Black
07d80a67-b73a-40a6-88bc-8f30e4eae3b2,Women's Styles,Narrow,Square,Tortoise
49bf782d-cbe2-4464-8d5d-32e48dc607c2,Men's Styles,Narrow,Rectangular,Neutral
4c10e298-53c8-4009-adda-bbcaecb7e8b6,Women's Styles,Narrow,Square,Crystal
5899b347-b01c-476d-9f9f-7ac92f8b8ec2,Women's Styles,Medium,No Preference,Neutral
5a3ee321-517d-4a21-a351-d6815ab2edd5,Women's Styles,Narrow,Rectangular,Tortoise
dc8ebb62-a36d-48b2-ac0c-1c28afe66c20,Women's Styles,Medium,Square,Black
88f171a1-2493-446c-b198-bd205636c98d,Women's Styles,Medium,Rectangular,Neutral
27ab373c-ee8c-4a6e-8a33-ab696841f061,Women's Styles,Medium,Square,Neutral
b71acb13-2137-49e1-9d85-e2ce4974e23e,Women's Styles,Wide,Rectangular,Black
7e020e7b-6ceb-4514-983a-6f47c0c2cba3,I'm not sure. Let's skip it.,Medium,Square,Neutral
15b1503c-b3cb-4c35-88c3-3ae82f725d17,Women's Styles,Narrow,No Preference,Crystal
bfa0e632-069a-484c-8dd8-a5f2d8d1eed3,Women's Styles,Narrow,Rectangular,Two-Tone
f832f857-597c-4844-9756-10f2434f72a7,Men's Styles,Medium,Rectangular,Tortoise
926f98a1-c48d-499e-9c5d-c9f17ec5d64b,Men's Styles,Medium,Round,Tortoise
fc25b46f-185f-4fa1-a158-20f5ec5c6c12,I'm not sure. Let's skip it.,Narrow,Square,Black
1a42dc48-16d8-44d3-a9ee-546f40491860,Men's Styles,Medium,Rectangular,Crystal
f3e481f7-4910-4271-9f4a-e48f488c6517,Men's Styles,Wide,Square,Two-Tone
2b1141f2-45bc-4c71-9e69-da3c1d57d1ff,Women's Styles,Narrow,Square,Black
c74ff921-3c0d-4961-82a4-e5cdca55a109,Men's Styles,Medium,Rectangular,Crystal
1d384224-6e3c-481e-a752-635d163fd1fd,Men's Styles,Medium,Square,Two-Tone
e61736af-9dd5-421c-9cb1-272c8d956fd7,I'm not sure. Let's skip it.,Medium,Square,Tortoise
d6b93748-85a1-4949-b70e-e6f99a2431f5,Men's Styles,Wide,No Preference,Crystal
ce91fda6-069f-4e28-8334-3b8107e81461,Men's Styles,Narrow,Square,Tortoise
35f68cd9-5169-40b8-83e5-f4c1a4fc2633,Women's Styles,Narrow,Rectangular,Black
6bc9a126-b22c-4ac4-87f3-2cc3aaa3ac2d,Men's Styles,Medium,Rectangular,Neutral
c27e51a3-3f4b-4bd4-a6c1-08a1e5f010bd,Women's Styles,Medium,Rectangular,Tortoise
5b2b133a-96a1-42c3-b9c1-be41ac599c63,Women's Styles,Narrow,Square,Crystal
46f195a5-3d5e-4c6a-adff-9bf11a59971c,Women's Styles,I'm not sure. Let's skip it.,Round,Black
4a533041-1fe7-4366-9243-e8edff240049,Men's Styles,Medium,Rectangular,Black
399fe05a-bbb3-480a-bbd9-932d58548d6b,Men's Styles,Narrow,Rectangular,Neutral
c2f823bd-c318-466b-821d-312ee2f7f600,Men's Styles,Narrow,Square,Neutral
b66778db-005c-41ae-b91a-ec8f439a8f7d,Men's Styles,Medium,Square,Crystal
e443c4da-d6ad-4cab-9cb4-fe05d8082928,Men's Styles,Medium,Square,Black
028b47b0-e075-4b2c-bcf3-f963d8089449,Women's Styles,Wide,Round,Tortoise
25cf034a-6e32-4ba8-83b0-b990cd1646b1,Women's Styles,Narrow,Rectangular,Crystal
8ea01ff5-2669-4ce5-9882-596db7248ff2,Women's Styles,Narrow,Square,Two-Tone
913a1ac9-dc43-4549-aafc-d0104b1dd7e5,Women's Styles,Narrow,Rectangular,Black
f6065f04-5793-465d-a414-dc2ddaae0081,Men's Styles,Medium,Square,Crystal
fc2af6bb-d268-479b-b9fa-d5e5be3b3a10,Men's Styles,Narrow,Round,Crystal
abddacdb-6edc-4b1e-ae4d-3ab785e0c8fa,Men's Styles,Narrow,Square,Black
bcef94ca-e0f1-410c-a5d0-98d60b3a281e,Women's Styles,Narrow,Square,Black
9599d823-35af-44f5-b113-f22fffa8dbd5,Women's Styles,I'm not sure. Let's skip it.,Round,Black
c8fce09e-1bec-48fd-a373-597cf75fbf5e,Women's Styles,Wide,Round,Neutral
ec2093db-07dd-49b4-88cd-de3a7e6fb954,Women's Styles,Wide,No Preference,Tortoise
7b5be1d8-65d4-411a-88df-141156742536,Men's Styles,Medium,Rectangular,Black
6690e848-d7fb-408f-9a68-c629775061b3,Women's Styles,Narrow,Round,Crystal
fee44777-bbd7-44ea-8102-291c89d0519b,Men's Styles,Medium,Square,Black
338b3fba-ab7a-4911-98d8-b23dcded0fb8,Women's Styles,I'm not sure. Let's skip it.,Rectangular,Crystal
b7ac4e54-a022-4cdc-98d9-6ed74fe5a655,Women's Styles,Wide,Rectangular,Tortoise
4f8a1b05-7f54-4f8f-b29b-f0d7db50e3e6,I'm not sure. Let's skip it.,Narrow,Rectangular,Tortoise
82f1b941-f28c-418b-a979-fcdac4ab8298,Men's Styles,Medium,Rectangular,Tortoise
755544d9-d50e-4423-9e4d-c6325aeb18bf,Men's Styles,Narrow,Rectangular,Black
5809ee1d-ee64-43cd-b6a6-01e1956db7ab,Women's Styles,Medium,Rectangular,Tortoise
f008a017-3a17-46c3-b603-6cd5231805dd,Women's Styles,Wide,Square,Black
400b3e67-4c98-4773-8a40-fd0f3e6e92f4,Men's Styles,Narrow,Rectangular,Tortoise
8518f039-6099-4983-9744-ac4087738365,Women's Styles,Medium,No Preference,Crystal
170f0faf-d0b2-4adc-b83d-2b0b0ba49886,Men's Styles,Narrow,Rectangular,Neutral
c67a7d8a-6ea1-447c-addf-c5920c91e9cc,Women's Styles,Narrow,Round,Crystal
48ea857d-e1c0-4ef4-9c43-a3c948f7a5f7,Women's Styles,Narrow,Rectangular,Crystal
df55155b-6dc6-45b5-a793-a55ca1c585b4,Women's Styles,Wide,Round,Crystal
ee1df45c-a421-45c9-901e-da29fd9cffba,Men's Styles,Wide,Square,Tortoise
146346a1-e75a-4fbe-a86b-67a968cf9f61,Men's Styles,Medium,No Preference,Tortoise
86f2e8e7-3d90-48ae-986d-08851b7ccf4b,Women's Styles,Wide,Square,Tortoise
05e5bba5-bdfd-4960-8d8e-925856cb65ee,Women's Styles,Narrow,Square,Crystal
83a1f78f-27ad-4540-9293-564b9674c9d5,Women's Styles,I'm not sure. Let's skip it.,Square,Black
9b583ca1-27f0-4680-b64e-b8b92e53db51,Women's Styles,Narrow,Rectangular,Black
b74d1d25-bdd9-429e-a917-eeea0b88c880,I'm not sure. Let's skip it.,Narrow,Rectangular,Tortoise
cc5a7499-d8ca-44af-8939-8351e148ba5e,I'm not sure. Let's skip it.,Wide,Square,Black
f3a49851-3624-4d32-b072-a8cf4ee24fa2,Women's Styles,Narrow,Round,Black
6baa4e3a-56f8-4c68-ad45-ea4f10596e9f,Men's Styles,I'm not sure. Let's skip it.,Rectangular,Crystal
dd0f51d2-623f-48b1-aac5-0e97b455d408,Women's Styles,Wide,No Preference,Crystal
623eaa17-53b7-478e-b1fd-baee158bf7b5,Women's Styles,Narrow,Round,Neutral
87c97fa2-2256-4745-989c-cc9ca8685b78,I'm not sure. Let's skip it.,Medium,Square,Black
1867ccfe-7e55-43cb-ac5b-d545b21fd334,Women's Styles,I'm not sure. Let's skip it.,Square,Black
ec28c33e-00ae-46ca-b72e-5f18dcb008f1,I'm not sure. Let's skip it.,Medium,Square,Two-Tone
7b001392-fb63-402c-a527-ca7ad6827ff7,Women's Styles,Wide,Rectangular,Black
fdb36b83-f7e5-475a-9165-336fc3a39ccc,Women's Styles,I'm not sure. Let's skip it.,Rectangular,Crystal
0b7fa3f8-e5ae-4bf6-b967-84b510e13452,Men's Styles,I'm not sure. Let's skip it.,Square,Crystal
4cf65655-c736-4dfa-aafb-cbefe541adb0,Women's Styles,Wide,Rectangular,Tortoise
7c6e3e6f-acfd-4874-b96e-e265b820eb6b,Women's Styles,Medium,Square,Tortoise
873532db-ff78-4ad1-819d-87153e655864,Women's Styles,Medium,Square,Crystal
db4c2e3f-4d75-4453-81e8-f686f721cb39,Men's Styles,Medium,Rectangular,Two-Tone
dd08d494-fdfa-4d62-b01f-a5a1721e8f65,Women's Styles,Wide,Rectangular,Black
af7afcf3-5bfd-4512-80c1-285cd8a23cef,Men's Styles,Medium,No Preference,Black
f4731e0d-67bf-4ffb-b505-0c7f7049a58f,Women's Styles,Narrow,Round,Tortoise
838b7d4b-ecd1-43c0-a066-738aad0a9cfd,Women's Styles,Medium,Square,Crystal
5c241446-6084-43cf-9b14-889436337b6b,Men's Styles,Wide,Square,Tortoise
fb3c0b68-c30b-4860-a67e-ab97c76bc518,Women's Styles,Medium,Square,Neutral
bc01dbf6-cd3d-492c-9a29-6adc231d1ca3,Men's Styles,Wide,No Preference,Black
6b0921ce-415d-4534-88cc-64dd8ac19315,I'm not sure. Let's skip it.,Narrow,Round,Black
a060d8cf-e244-4e24-9f15-ff41ee5d5a5d,Men's Styles,Narrow,Round,Black
3e07cbf0-19e9-485c-8bf1-9c5691aeccd8,Women's Styles,I'm not sure. Let's skip it.,Round,Neutral
69ade01c-157e-4e7f-8f93-8b7ee7917011,Men's Styles,Narrow,Rectangular,Tortoise
f7776834-7e15-4e15-92b9-368a3a9e0b93,I'm not sure. Let's skip it.,Medium,Round,Crystal
9e9d04b2-ec35-4f42-b78c-2c8319032ff6,Men's Styles,Narrow,Rectangular,Tortoise
0996d551-f7db-4f7d-b6e6-98d67455b43d,Men's Styles,Narrow,Rectangular,Neutral
b9bc33f3-e5cd-4430-9cde-0f567dc4be04,Men's Styles,Narrow,Square,Neutral
833fbffc-2961-4e1e-80be-cb9156d61196,Women's Styles,Narrow,Rectangular,Tortoise
d3e9cd3b-624f-42e3-8bfe-ac04be88c57e,Men's Styles,Wide,Square,Crystal
dfad531a-e67b-415d-82f3-bdff014e9dd9,Women's Styles,Wide,Round,Crystal
b04d4c11-00bd-48a7-b886-957488d2e78d,Men's Styles,Narrow,Square,Neutral
468da0a9-4e0a-475c-afd3-5cbcade1f0d1,I'm not sure. Let's skip it.,Narrow,Rectangular,Crystal
1de6c3a5-f1b0-4622-a871-389aeeb5b8de,Men's Styles,Narrow,Round,Two-Tone
59f00e26-0b5c-4c9b-97ae-e1129a45b262,Women's Styles,I'm not sure. Let's skip it.,Square,Tortoise
b9bb1470-4f3f-4867-9c1c-353cce8af973,Men's Styles,Narrow,Square,Crystal
